inv_Temp,MCI,Avg Molar, omega,V/cP
0.003411222923418046,0.051962004,87.66,1.7208,0.0489
0.0034030968181044748,0.050127309,87.66,1.7208,0.0479
0.0033938571186153065,0.048135913,87.66,1.7208,0.0459
0.0033846674564224064,0.046249881,87.66,1.7208,0.0439
0.0033755274261603376,0.044462394,87.66,1.7208,0.0429
0.0033664366268305,0.042767148,87.66,1.7208,0.0409
0.0033573946617424877,0.041158313,87.66,1.7208,0.0399
0.0033495226930162453,0.039817213,87.66,1.7208,0.0379
0.003340571237681643,0.038356162,87.66,1.7208,0.0369
0.003331667499583542,0.036967042,87.66,1.7208,0.0359
0.003322811098189068,0.035645507,87.66,1.7208,0.0349
0.003315100281783524,0.034541422,87.66,1.7208,0.0339
0.003306331625061994,0.033335944,87.66,1.7208,0.0329
0.0032976092333058533,0.032187185,87.66,1.7208,0.0319
0.003290014805066623,0.031225961,87.66,1.7208,0.0309
0.003281378178835111,0.030174876,87.66,1.7208,0.0299
0.003272786777941417,0.029171658,87.66,1.7208,0.0289
0.0032653061224489797,0.028330993,87.66,1.7208,0.0279
0.0032567985670086306,0.027410426,87.66,1.7208,0.0279
0.0032483352281955495,0.026530471,87.66,1.7208,0.0269
0.0032399157621901833,0.025688916,87.66,1.7208,0.0259
0.003232584451268789,0.024982426,87.66,1.7208,0.0259
0.003224246332419797,0.024207398,87.66,1.7208,0.0249
0.0032159511175430134,0.023465167,87.66,1.7208,0.0239
0.0032087277394513077,0.022841267,87.66,1.7208,0.0239
0.0032005120819331096,0.022155988,87.66,1.7208,0.0229
0.0031923383878691143,0.021498851,87.66,1.7208,0.0229
0.0031852205765249245,0.020945813,87.66,1.7208,0.0219
0.003177124702144559,0.020337651,87.66,1.7208,0.0219
0.0031690698779908094,0.019753742,87.66,1.7208,0.0209
0.0031620553359683794,0.019261772,87.66,1.7208,0.0209
0.0031540766440624505,0.018720158,87.66,1.7208,0.0199
0.0031461381154632684,0.018199533,87.66,1.7208,0.0199
0.0031382394476698575,0.017698887,87.66,1.7208,0.0189
0.003131360576170346,0.017276459,87.66,1.7208,0.0189
0.003123535842573794,0.016810746,87.66,1.7208,0.0189
0.0031157501168406296,0.016362413,87.66,1.7208,0.0184
0.00310896937665164,0.015983744,87.66,1.7208,0.0179
0.0031012560086835167,0.015565859,87.66,1.7208,0.0174
0.0030935808197989174,0.01516315,87.66,1.7208,0.0169
0.003412386964681795,0.048146612,81.46,2.1223,0.0459
0.0034030968181044748,0.046225785,81.46,2.1223,0.0449
0.0033938571186153065,0.044406999,81.46,2.1223,0.0429
0.0033846674564224064,0.042683622,81.46,2.1223,0.0419
0.0033755274261603376,0.041049529,81.46,2.1223,0.0399
0.0033664366268305,0.039499056,81.46,2.1223,0.0389
0.0033573946617424877,0.038026957,81.46,2.1223,0.0379
0.0033495226930162453,0.036799336,81.46,2.1223,0.0359
0.003340571237681643,0.035461377,81.46,2.1223,0.0349
0.003331667499583542,0.034188756,81.46,2.1223,0.0339
0.003322811098189068,0.032977555,81.46,2.1223,0.0329
0.003315100281783524,0.031965267,81.46,2.1223,0.0319
0.003306331625061994,0.030859608,81.46,2.1223,0.0309
0.0032976092333058533,0.029805564,81.46,2.1223,0.0299
0.003290014805066623,0.028923279,81.46,2.1223,0.0299
0.003281378178835111,0.027958177,81.46,2.1223,0.0289
0.003272786777941417,0.02703669,81.46,2.1223,0.0279
0.0032653061224489797,0.026264253,81.46,2.1223,0.0269
0.0032567985670086306,0.025418121,81.46,2.1223,0.0269
0.0032483352281955495,0.024609038,81.46,2.1223,0.0259
0.0032399157621901833,0.023835001,81.46,2.1223,0.0249
0.003232584451268789,0.02318499,81.46,2.1223,0.0249
0.003224246332419797,0.022471701,81.46,2.1223,0.0239
0.0032159511175430134,0.021788379,81.46,2.1223,0.0229
0.0032087277394513077,0.021213826,81.46,2.1223,0.0229
0.0032005120819331096,0.020582566,81.46,2.1223,0.0229
0.0031923383878691143,0.019977045,81.46,2.1223,0.0219
0.0031852205765249245,0.019467305,81.46,2.1223,0.0219
0.003177124702144559,0.018906601,81.46,2.1223,0.0209
0.0031690698779908094,0.018368102,81.46,2.1223,0.0209
0.0031620553359683794,0.017914271,81.46,2.1223,0.0199
0.0031540766440624505,0.017414515,81.46,2.1223,0.0199
0.0031461381154632684,0.016933994,81.46,2.1223,0.0189
0.0031382394476698575,0.016471787,81.46,2.1223,0.0189
0.003131360576170346,0.016081696,81.46,2.1223,0.0189
0.003123535842573794,0.015651528,81.46,2.1223,0.0179
0.0031157501168406296,0.015237307,81.46,2.1223,0.0179
0.00310896937665164,0.014887366,81.46,2.1223,0.0169
0.0031012560086835167,0.014501094,81.46,2.1223,0.0169
0.0030935808197989174,0.01412876,81.46,2.1223,0.0169
0.003412386964681795,0.034181572,77.58,2.5238,0.0329
0.0034030968181044748,0.032906871,77.58,2.5238,0.0319
0.0033938571186153065,0.03169595,77.58,2.5238,0.0309
0.0033846674564224064,0.030544893,77.58,2.5238,0.0299
0.0033755274261603376,0.029450063,77.58,2.5238,0.0289
0.0033664366268305,0.028408087,77.58,2.5238,0.0279
0.0033573946617424877,0.027415826,77.58,2.5238,0.0269
0.0033495226930162453,0.026586081,77.58,2.5238,0.0269
0.003340571237681643,0.025679329,77.58,2.5238,0.0259
0.003331667499583542,0.024814431,77.58,2.5238,0.0249
0.003322811098189068,0.023989008,77.58,2.5238,0.0239
0.003315100281783524,0.023297394,77.58,2.5238,0.0239
0.003306331625061994,0.022540113,77.58,2.5238,0.0229
0.0032976092333058533,0.021816307,77.58,2.5238,0.0219
0.003290014805066623,0.021208997,77.58,2.5238,0.0219
0.003281378178835111,0.020543124,77.58,2.5238,0.0209
0.003272786777941417,0.019905781,77.58,2.5238,0.0209
0.0032653061224489797,0.019370319,77.58,2.5238,0.0199
0.0032567985670086306,0.018782471,77.58,2.5238,0.0199
0.0032483352281955495,0.018219055,77.58,2.5238,0.0189
0.0032399157621901833,0.017678814,77.58,2.5238,0.0189
0.003232584451268789,0.017224183,77.58,2.5238,0.0179
0.003224246332419797,0.016724265,77.58,2.5238,0.0179
0.0032159511175430134,0.016244313,77.58,2.5238,0.0169
0.0032087277394513077,0.015839953,77.58,2.5238,0.0169
0.0032005120819331096,0.015394814,77.58,2.5238,0.0169
0.0031923383878691143,0.014966948,77.58,2.5238,0.0159
0.0031852205765249245,0.014606078,77.58,2.5238,0.0159
0.003177124702144559,0.014208389,77.58,2.5238,0.0159
0.0031690698779908094,0.013825704,77.58,2.5238,0.0149
0.0031620553359683794,0.013502606,77.58,2.5238,0.0149
0.0031540766440624505,0.013146182,77.58,2.5238,0.0149
0.0031461381154632684,0.012802838,77.58,2.5238,0.0139
0.0031382394476698575,0.012471977,77.58,2.5238,0.0139
0.003131360576170346,0.012192266,77.58,2.5238,0.0139
0.003123535842573794,0.011883306,77.58,2.5238,0.0139
0.0031157501168406296,0.011585281,77.58,2.5238,0.0129
0.00310896937665164,0.011333099,77.58,2.5238,0.0129
0.0031012560086835167,0.011054294,77.58,2.5238,0.0129
0.0030935808197989174,0.0107851,77.58,2.5238,0.0129
0.003412386964681795,0.0287167,74.48,2.9253,0.0279
0.0034030968181044748,0.02768059,74.48,2.9253,0.0269
0.0033938571186153065,0.026694832,74.48,2.9253,0.0259
0.0033846674564224064,0.025756418,74.48,2.9253,0.0249
0.0033755274261603376,0.02486255,74.48,2.9253,0.0239
0.0033664366268305,0.024010624,74.48,2.9253,0.0239
0.0033573946617424877,0.023198217,74.48,2.9253,0.0229
0.0033495226930162453,0.022517998,74.48,2.9253,0.0219
0.003340571237681643,0.021773718,74.48,2.9253,0.0209
0.003331667499583542,0.021062861,74.48,2.9253,0.0209
0.003322811098189068,0.020383574,74.48,2.9253,0.0199
0.003315100281783524,0.019813732,74.48,2.9253,0.0199
0.003306331625061994,0.01918906,74.48,2.9253,0.0189
0.0032976092333058533,0.018591275,74.48,2.9253,0.0189
0.003290014805066623,0.018089141,74.48,2.9253,0.0179
0.003281378178835111,0.01753798,74.48,2.9253,0.0179
0.003272786777941417,0.017009828,74.48,2.9253,0.0169
0.0032653061224489797,0.01656563,74.48,2.9253,0.0169
0.0032567985670086306,0.016077467,74.48,2.9253,0.0159
0.0032483352281955495,0.015609082,74.48,2.9253,0.0159
0.0032399157621901833,0.015159481,74.48,2.9253,0.0159
0.003232584451268789,0.014780752,74.48,2.9253,0.0149
0.003224246332419797,0.014363893,74.48,2.9253,0.0149
0.0032159511175430134,0.013963274,74.48,2.9253,0.0149
0.0032087277394513077,0.013625435,74.48,2.9253,0.0139
0.0032005120819331096,0.013253182,74.48,2.9253,0.0139
0.0031923383878691143,0.012895027,74.48,2.9253,0.0139
0.0031852205765249245,0.012592682,74.48,2.9253,0.0139
0.003177124702144559,0.012259197,74.48,2.9253,0.0129
0.0031690698779908094,0.011937996,74.48,2.9253,0.0129
0.0031620553359683794,0.011666578,74.48,2.9253,0.0129
0.0031540766440624505,0.011366914,74.48,2.9253,0.0129
0.0031461381154632684,0.011077993,74.48,2.9253,0.0119
0.0031382394476698575,0.010799334,74.48,2.9253,0.0119
0.003131360576170346,0.010563567,74.48,2.9253,0.0119
0.003123535842573794,0.010302941,74.48,2.9253,0.0119
0.0031157501168406296,0.010051332,74.48,2.9253,0.0119
0.00310896937665164,0.009838262,74.48,2.9253,0.0109
0.0031012560086835167,0.009602522,74.48,2.9253,0.0109
0.0030935808197989174,0.009374729,74.48,2.9253,0.0109
0.003412386964681795,0.466739557,115.87,1.607,0.458
0.0033961623365596876,0.417988903,115.87,1.607,0.434
0.0033904051534158334,0.402192952,115.87,1.607,0.422
0.003382377811601556,0.38136125,115.87,1.607,0.403
0.003374388392103931,0.361915931,115.87,1.607,0.385
0.0033664366268305,0.343746025,115.87,1.607,0.366
0.0033573946617424877,0.324413434,115.87,1.607,0.347
0.0033495226930162453,0.308649329,115.87,1.607,0.332
0.003340571237681643,0.291839568,115.87,1.607,0.317
0.003331667499583542,0.276210635,115.87,1.607,0.301
0.003323915572544457,0.263425191,115.87,1.607,0.287
0.003315100281783524,0.249748799,115.87,1.607,0.275
0.003306331625061994,0.236991597,115.87,1.607,0.263
0.003298697014679202,0.226524289,115.87,1.607,0.252
0.003290014805066623,0.215295187,115.87,1.607,0.24
0.003281378178835111,0.204789291,115.87,1.607,0.23
0.003273858241938124,0.196145494,115.87,1.607,0.221
0.0032653061224489797,0.186847862,115.87,1.607,0.213
0.0032567985670086306,0.178124877,115.87,1.607,0.204
0.003249390739236393,0.170929744,115.87,1.607,0.195
0.0032409658078107273,0.163171237,115.87,1.607,0.186
0.003232584451268789,0.155873519,115.87,1.607,0.179
0.0032252862441541686,0.149839832,115.87,1.607,0.173
0.003216985684413704,0.143318794,115.87,1.607,0.166
0.0032087277394513077,0.137170388,115.87,1.607,0.16
0.0032005120819331096,0.131368733,115.87,1.607,0.154
0.003193357815743254,0.126557984,115.87,1.607,0.149
0.0031852205765249245,0.121343886,115.87,1.607,0.144
0.003177124702144559,0.116413158,115.87,1.607,0.139
0.0031700744967506737,0.112316439,115.87,1.607,0.134
0.0031620553359683794,0.107867608,115.87,1.607,0.13
0.0031540766440624505,0.10365202,115.87,1.607,0.126
0.003147128245476003,0.100142955,115.87,1.607,0.122
0.003139224611520954,0.096325361,115.87,1.607,0.118
0.003131360576170346,0.092701044,115.87,1.607,0.114
0.003123535842573794,0.089258046,115.87,1.607,0.11
0.003116721209287829,0.086385419,115.87,1.607,0.107
0.00310896937665164,0.083253118,115.87,1.607,0.103
0.0031012560086835167,0.080272335,115.87,1.607,0.1
0.0030945381401825778,0.077781367,115.87,1.607,0.098
0.003412386964681795,0.449873378,107.78,2.2963,0.445
0.0034030968181044748,0.422138977,107.78,2.2963,0.422
0.0033938571186153065,0.39658977,107.78,2.2963,0.399
0.0033846674564224064,0.373019453,107.78,2.2963,0.375
0.0033755274261603376,0.351244228,107.78,2.2963,0.353
0.0033664366268305,0.331100037,107.78,2.2963,0.332
0.0033585222502099076,0.314696107,107.78,2.2963,0.314
0.0033495226930162453,0.297226723,107.78,2.2963,0.297
0.003340571237681643,0.281006327,107.78,2.2963,0.281
0.003331667499583542,0.265927464,107.78,2.2963,0.267
0.003323915572544457,0.253593583,107.78,2.2963,0.252
0.003315100281783524,0.240401852,107.78,2.2963,0.24
0.003306331625061994,0.228098317,107.78,2.2963,0.227
0.0032976092333058533,0.216610828,107.78,2.2963,0.216
0.003290014805066623,0.207177162,107.78,2.2963,0.205
0.003281378178835111,0.197048423,107.78,2.2963,0.195
0.003272786777941417,0.187563736,107.78,2.2963,0.185
0.0032653061224489797,0.179753906,107.78,2.2963,0.176
0.0032567985670086306,0.171346798,107.78,2.2963,0.169
0.0032483352281955495,0.163452915,107.78,2.2963,0.161
0.0032399157621901833,0.156034292,107.78,2.2963,0.154
0.003232584451268789,0.149905508,107.78,2.2963,0.148
0.003224246332419797,0.143286807,107.78,2.2963,0.141
0.0032159511175430134,0.137051345,107.78,2.2963,0.135
0.0032087277394513077,0.131888446,107.78,2.2963,0.129
0.0032005120819331096,0.126300648,107.78,2.2963,0.124
0.0031923383878691143,0.121024393,107.78,2.2963,0.119
0.0031852205765249245,0.116646574,107.78,2.2963,0.114
0.003177124702144559,0.111898813,107.78,2.2963,0.109
0.0031690698779908094,0.107406224,107.78,2.2963,0.105
0.0031620553359683794,0.103671355,107.78,2.2963,0.101
0.0031540766440624505,0.099613168,107.78,2.2963,0.097
0.0031461381154632684,0.095765456,107.78,2.2963,0.093
0.0031382394476698575,0.092114894,107.78,2.2963,0.089
0.003131360576170346,0.089072652,107.78,2.2963,0.086
0.003123535842573794,0.085759198,107.78,2.2963,0.083
0.0031157501168406296,0.082609794,107.78,2.2963,0.081
0.00310896937665164,0.079980808,107.78,2.2963,0.077
0.0031012560086835167,0.077112769,107.78,2.2963,0.074
0.0030935808197989174,0.074382066,107.78,2.2963,0.072
0.003412386964681795,0.368830109,103.98,2.9856,0.366
0.0034030968181044748,0.346909441,103.98,2.9856,0.349
0.0033938571186153065,0.326658817,103.98,2.9856,0.328
0.0033846674564224064,0.307925532,103.98,2.9856,0.311
0.0033755274261603376,0.290573034,103.98,2.9856,0.293
0.0033664366268305,0.274478996,103.98,2.9856,0.277
0.0033585222502099076,0.261342465,103.98,2.9856,0.262
0.0033495226930162453,0.247320913,103.98,2.9856,0.248
0.003340571237681643,0.23427112,103.98,2.9856,0.234
0.003331667499583542,0.22211192,103.98,2.9856,0.223
0.003323915572544457,0.212145383,103.98,2.9856,0.211
0.003315100281783524,0.201463999,103.98,2.9856,0.2
0.003306331625061994,0.191480746,103.98,2.9856,0.188
0.0032976092333058533,0.182140489,103.98,2.9856,0.18
0.003290014805066623,0.174455742,103.98,2.9856,0.172
0.003281378178835111,0.166189712,103.98,2.9856,0.164
0.003272786777941417,0.158434569,103.98,2.9856,0.156
0.0032653061224489797,0.152037753,103.98,2.9856,0.149
0.0032567985670086306,0.145140057,103.98,2.9856,0.143
0.0032483352281955495,0.138652008,103.98,2.9856,0.137
0.0032399157621901833,0.132544082,103.98,2.9856,0.131
0.003232584451268789,0.12749015,103.98,2.9856,0.125
0.003224246332419797,0.122023832,103.98,2.9856,0.12
0.0032159511175430134,0.116865768,103.98,2.9856,0.115
0.0032087277394513077,0.112588662,103.98,2.9856,0.11
0.0032005120819331096,0.107952918,103.98,2.9856,0.106
0.0031923383878691143,0.103569079,103.98,2.9856,0.101
0.0031852205765249245,0.099926716,103.98,2.9856,0.098
0.003177124702144559,0.095971262,103.98,2.9856,0.094
0.0031690698779908094,0.092223149,103.98,2.9856,0.09
0.0031620553359683794,0.089103183,103.98,2.9856,0.087
0.0031540766440624505,0.085708865,103.98,2.9856,0.084
0.0031461381154632684,0.08248636,103.98,2.9856,0.08
0.0031382394476698575,0.079425037,103.98,2.9856,0.077
0.003131360576170346,0.076870829,103.98,2.9856,0.075
0.003123535842573794,0.074085699,103.98,2.9856,0.072
0.0031157501168406296,0.071435259,103.98,2.9856,0.07
0.00310896937665164,0.069220325,103.98,2.9856,0.067
0.0031012560086835167,0.066801357,103.98,2.9856,0.065
0.0030935808197989174,0.064217365,103.98,2.9856,0.063
0.003412386964681795,0.317476502,101.61,3.6749,0.316
0.0034030968181044748,0.299134064,101.61,3.6749,0.3
0.0033938571186153065,0.282153315,101.61,3.6749,0.284
0.0033846674564224064,0.266412775,101.61,3.6749,0.269
0.0033755274261603376,0.251803514,101.61,3.6749,0.255
0.0033664366268305,0.238227685,101.61,3.6749,0.241
0.0033573946617424877,0.225597253,101.61,3.6749,0.229
0.0033495226930162453,0.215258579,101.61,3.6749,0.216
0.003340571237681643,0.204193015,101.61,3.6749,0.206
0.003331667499583542,0.193864896,101.61,3.6749,0.196
0.003323915572544457,0.185385937,101.61,3.6749,0.185
0.003315100281783524,0.17628496,101.61,3.6749,0.176
0.003306331625061994,0.16776531,101.61,3.6749,0.168
0.0032976092333058533,0.159782065,101.61,3.6749,0.16
0.003290014805066623,0.153204515,101.61,3.6749,0.154
0.003281378178835111,0.146119699,101.61,3.6749,0.147
0.003272786777941417,0.139463235,101.61,3.6749,0.141
0.0032653061224489797,0.133965454,101.61,3.6749,0.135
0.0032567985670086306,0.128029613,101.61,3.6749,0.129
0.0032483352281955495,0.122438852,101.61,3.6749,0.123
0.0032399157621901833,0.1171688,101.61,3.6749,0.118
0.003232584451268789,0.112802957,101.61,3.6749,0.114
0.003224246332419797,0.108075388,101.61,3.6749,0.109
0.0032159511175430134,0.103609001,101.61,3.6749,0.105
0.0032087277394513077,0.099901316,101.61,3.6749,0.101
0.0032005120819331096,0.095878374,101.61,3.6749,0.097
0.0031923383878691143,0.092069723,101.61,3.6749,0.093
0.0031852205765249245,0.088901965,101.61,3.6749,0.089
0.003177124702144559,0.085458412,101.61,3.6749,0.086
0.0031690698779908094,0.082191898,101.61,3.6749,0.083
0.0031620553359683794,0.079470162,101.61,3.6749,0.08
0.0031540766440624505,0.076506267,101.61,3.6749,0.077
0.0031461381154632684,0.073689588,101.61,3.6749,0.074
0.0031382394476698575,0.071011177,101.61,3.6749,0.072
0.003131360576170346,0.068774442,101.61,3.6749,0.069
0.003123535842573794,0.066333344,101.61,3.6749,0.067
0.0031157501168406296,0.064008161,101.61,3.6749,0.065
0.00310896937665164,0.062063393,101.61,3.6749,0.063
0.0031012560086835167,0.059937719,101.61,3.6749,0.06
0.0030935808197989174,0.057909768,101.61,3.6749,0.059
0.003412386964681795,0.265553797,99.7,4.3641,0.265
0.0034030968181044748,0.250736746,99.7,4.3641,0.252
0.0033938571186153065,0.236985161,99.7,4.3641,0.238
0.0033846674564224064,0.224206827,99.7,4.3641,0.226
0.0033755274261603376,0.21231878,99.7,4.3641,0.215
0.0033664366268305,0.201246256,99.7,4.3641,0.204
0.0033573946617424877,0.19092178,99.7,4.3641,0.193
0.0033495226930162453,0.182453399,99.7,4.3641,0.183
0.003340571237681643,0.173371664,99.7,4.3641,0.175
0.003331667499583542,0.164877694,99.7,4.3641,0.166
0.003322811098189068,0.156925486,99.7,4.3641,0.159
0.003315100281783524,0.150378755,99.7,4.3641,0.152
0.003306331625061994,0.143332615,99.7,4.3641,0.146
0.0032976092333058533,0.136717842,99.7,4.3641,0.139
0.003290014805066623,0.131258535,99.7,4.3641,0.134
0.003281378178835111,0.125368469,99.7,4.3641,0.128
0.003272786777941417,0.119824974,99.7,4.3641,0.123
0.0032653061224489797,0.115239189,99.7,4.3641,0.117
0.0032567985670086306,0.110280388,99.7,4.3641,0.113
0.0032483352281955495,0.105602363,99.7,4.3641,0.108
0.0032399157621901833,0.101185773,99.7,4.3641,0.105
0.003232584451268789,0.097521697,99.7,4.3641,0.1
0.003224246332419797,0.093548471,99.7,4.3641,0.096
0.0032159511175430134,0.089789253,99.7,4.3641,0.093
0.0032087277394513077,0.086664413,99.7,4.3641,0.089
0.0032005120819331096,0.083269425,99.7,4.3641,0.086
0.0031923383878691143,0.080050867,99.7,4.3641,0.083
0.0031852205765249245,0.077370532,99.7,4.3641,0.08
0.003177124702144559,0.074453252,99.7,4.3641,0.077
0.0031690698779908094,0.071682392,99.7,4.3641,0.075
0.0031620553359683794,0.069370915,99.7,4.3641,0.072
0.0031540766440624505,0.066850868,99.7,4.3641,0.07
0.0031461381154632684,0.064453093,99.7,4.3641,0.067
0.0031382394476698575,0.06217032,99.7,4.3641,0.065
0.003131360576170346,0.060261903,99.7,4.3641,0.062
0.003123535842573794,0.058176899,99.7,4.3641,0.061
0.0031157501168406296,0.056188681,99.7,4.3641,0.059
0.00310896937665164,0.054524041,99.7,4.3641,0.057
0.0031012560086835167,0.052702719,99.7,4.3641,0.055
0.0030935808197989174,0.050963297,99.7,4.3641,0.054
0.003412386964681795,0.099505588,144.91,2.1383,0.096
0.0034030968181044748,0.09523039,144.91,2.1383,0.092
0.0033938571186153065,0.091197846,144.91,2.1383,0.088
0.0033846674564224064,0.087391173,144.91,2.1383,0.084
0.0033755274261603376,0.083794943,144.91,2.1383,0.081
0.0033664366268305,0.080394961,144.91,2.1383,0.077
0.0033585222502099076,0.077570657,144.91,2.1383,0.074
0.0033495226930162453,0.074504202,144.91,2.1383,0.071
0.003340571237681643,0.07159908,144.91,2.1383,0.069
0.003331667499583542,0.068844909,144.91,2.1383,0.066
0.003323915572544457,0.066551273,144.91,2.1383,0.064
0.003315100281783524,0.064054829,144.91,2.1383,0.062
0.003306331625061994,0.061683621,144.91,2.1383,0.059
0.0032976092333058533,0.059429946,144.91,2.1383,0.057
0.003290014805066623,0.057548765,144.91,2.1383,0.055
0.003281378178835111,0.055496609,144.91,2.1383,0.053
0.003272786777941417,0.053542785,144.91,2.1383,0.051
0.0032653061224489797,0.051909291,144.91,2.1383,0.05
0.0032567985670086306,0.050124552,144.91,2.1383,0.048
0.0032483352281955495,0.048422556,144.91,2.1383,0.047
0.0032399157621901833,0.046798583,144.91,2.1383,0.045
0.003232584451268789,0.045438141,144.91,2.1383,0.044
0.003224246332419797,0.043948822,144.91,2.1383,0.043
0.0032159511175430134,0.042525636,144.91,2.1383,0.041
0.0032087277394513077,0.041331745,144.91,2.1383,0.04
0.0032005120819331096,0.04002298,144.91,2.1383,0.039
0.0031923383878691143,0.038770553,144.91,2.1383,0.038
0.0031852205765249245,0.037718534,144.91,2.1383,0.037
0.003177124702144559,0.036563814,144.91,2.1383,0.036
0.0031690698779908094,0.035457315,144.91,2.1383,0.035
0.0031620553359683794,0.034526723,144.91,2.1383,0.034
0.0031540766440624505,0.033504045,144.91,2.1383,0.033
0.0031461381154632684,0.032522828,144.91,2.1383,0.032
0.003139224611520954,0.031696633,144.91,2.1383,0.031
0.003131360576170346,0.03078764,144.91,2.1383,0.03
0.003123535842573794,0.029914447,144.91,2.1383,0.03
0.0031157501168406296,0.029075305,144.91,2.1383,0.029
0.00310896937665164,0.02836769,144.91,2.1383,0.028
0.0031012560086835167,0.027588026,144.91,2.1383,0.027
0.0030935808197989174,0.026837923,144.91,2.1383,0.027
0.003412386964681795,0.102286454,146.7,3.3588,0.101
0.0034030968181044748,0.097876474,146.7,3.3588,0.097
0.0033938571186153065,0.09371758,146.7,3.3588,0.093
0.0033846674564224064,0.089792354,146.7,3.3588,0.089
0.0033755274261603376,0.086084788,146.7,3.3588,0.085
0.0033664366268305,0.082580158,146.7,3.3588,0.082
0.0033585222502099076,0.079669392,146.7,3.3588,0.078
0.0033495226930162453,0.076509557,146.7,3.3588,0.075
0.003340571237681643,0.073516457,146.7,3.3588,0.072
0.003331667499583542,0.070679334,146.7,3.3588,0.07
0.003323915572544457,0.068316964,146.7,3.3588,0.067
0.003315100281783524,0.065746078,146.7,3.3588,0.064
0.003306331625061994,0.063304527,146.7,3.3588,0.062
0.0032976092333058533,0.060984339,146.7,3.3588,0.06
0.003290014805066623,0.059047899,146.7,3.3588,0.058
0.003281378178835111,0.056935741,146.7,3.3588,0.056
0.003272786777941417,0.054925068,146.7,3.3588,0.054
0.0032653061224489797,0.053244259,146.7,3.3588,0.052
0.0032567985670086306,0.051408052,146.7,3.3588,0.051
0.0032483352281955495,0.049657204,146.7,3.3588,0.049
0.0032399157621901833,0.047986832,146.7,3.3588,0.047
0.003232584451268789,0.046587684,146.7,3.3588,0.046
0.003224246332419797,0.045056169,146.7,3.3588,0.044
0.0032159511175430134,0.043592837,146.7,3.3588,0.043
0.0032087277394513077,0.042365404,146.7,3.3588,0.042
0.0032005120819331096,0.041020018,146.7,3.3588,0.04
0.0031923383878691143,0.039732693,146.7,3.3588,0.039
0.0031852205765249245,0.038651474,146.7,3.3588,0.038
0.003177124702144559,0.037464825,146.7,3.3588,0.037
0.0031690698779908094,0.036327855,146.7,3.3588,0.036
0.0031620553359683794,0.03537173,146.7,3.3588,0.035
0.0031540766440624505,0.034321096,146.7,3.3588,0.034
0.0031461381154632684,0.03331316,146.7,3.3588,0.033
0.0031382394476698575,0.032345772,146.7,3.3588,0.032
0.003131360576170346,0.031530978,146.7,3.3588,0.031
0.003123535842573794,0.030634264,146.7,3.3588,0.031
0.0031157501168406296,0.0297726,146.7,3.3588,0.03
0.00310896937665164,0.029046058,146.7,3.3588,0.029
0.0031012560086835167,0.028245609,146.7,3.3588,0.028
0.0030935808197989174,0.027475581,146.7,3.3588,0.028
0.003412386964681795,0.107227881,147.54,4.5794,0.107
0.0034030968181044748,0.102563949,147.54,4.5794,0.103
0.0033938571186153065,0.098167668,147.54,4.5794,0.098
0.0033846674564224064,0.09402033,147.54,4.5794,0.094
0.0033755274261603376,0.090104757,147.54,4.5794,0.09
0.0033664366268305,0.086405155,147.54,4.5794,0.086
0.0033585222502099076,0.083333712,147.54,4.5794,0.083
0.0033495226930162453,0.080000781,147.54,4.5794,0.079
0.003340571237681643,0.076845036,147.54,4.5794,0.076
0.003331667499583542,0.073854963,147.54,4.5794,0.073
0.003323915572544457,0.071366169,147.54,4.5794,0.07
0.003315100281783524,0.06865869,147.54,4.5794,0.068
0.003306331625061994,0.066088403,147.54,4.5794,0.065
0.0032976092333058533,0.063646791,147.54,4.5794,0.063
0.003290014805066623,0.061609711,147.54,4.5794,0.061
0.003281378178835111,0.059388529,147.54,4.5794,0.059
0.003272786777941417,0.057274814,147.54,4.5794,0.057
0.0032653061224489797,0.05550844,147.54,4.5794,0.055
0.0032567985670086306,0.053579371,147.54,4.5794,0.053
0.0032483352281955495,0.051740586,147.54,4.5794,0.051
0.0032399157621901833,0.04998689,147.54,4.5794,0.05
0.003232584451268789,0.048518387,147.54,4.5794,0.048
0.003224246332419797,0.046911428,147.54,4.5794,0.047
0.0032159511175430134,0.045376482,147.54,4.5794,0.045
0.0032087277394513077,0.044089344,147.54,4.5794,0.044
0.0032005120819331096,0.042678907,147.54,4.5794,0.043
0.0031923383878691143,0.04132973,147.54,4.5794,0.042
0.0031852205765249245,0.040196865,147.54,4.5794,0.04
0.003177124702144559,0.038953861,147.54,4.5794,0.039
0.0031690698779908094,0.037763223,147.54,4.5794,0.038
0.0031620553359683794,0.036762222,147.54,4.5794,0.037
0.0031540766440624505,0.035662548,147.54,4.5794,0.036
0.0031461381154632684,0.034607842,147.54,4.5794,0.035
0.0031382394476698575,0.033595825,147.54,4.5794,0.034
0.003131360576170346,0.032743643,147.54,4.5794,0.033
0.003123535842573794,0.031806,147.54,4.5794,0.033
0.0031157501168406296,0.030905227,147.54,4.5794,0.032
0.00310896937665164,0.03014588,147.54,4.5794,0.031
0.0031012560086835167,0.029309474,147.54,4.5794,0.03
0.0030935808197989174,0.028505042,147.54,4.5794,0.03
0.003412386964681795,0.108591543,148.07,5.7999,0.109
0.0034030968181044748,0.103858981,148.07,5.7999,0.104
0.0033938571186153065,0.099398489,148.07,5.7999,0.1
0.0033846674564224064,0.095191019,148.07,5.7999,0.096
0.0033755274261603376,0.091219083,148.07,5.7999,0.092
0.0033664366268305,0.087466602,148.07,5.7999,0.088
0.0033573946617424877,0.083918783,148.07,5.7999,0.084
0.0033495226930162453,0.080971589,148.07,5.7999,0.081
0.003340571237681643,0.07777162,148.07,5.7999,0.078
0.003331667499583542,0.074739922,148.07,5.7999,0.075
0.003322811098189068,0.071865675,148.07,5.7999,0.072
0.003315100281783524,0.069471982,148.07,5.7999,0.069
0.003306331625061994,0.066866571,148.07,5.7999,0.067
0.0032976092333058533,0.064391802,148.07,5.7999,0.064
0.003290014805066623,0.062327219,148.07,5.7999,0.062
0.003281378178835111,0.060076218,148.07,5.7999,0.06
0.003272786777941417,0.057934296,148.07,5.7999,0.058
0.0032653061224489797,0.056144481,148.07,5.7999,0.056
0.0032567985670086306,0.05418995,148.07,5.7999,0.055
0.0032483352281955495,0.052327035,148.07,5.7999,0.053
0.0032399157621901833,0.050550454,148.07,5.7999,0.051
0.003232584451268789,0.049062888,148.07,5.7999,0.049
0.003224246332419797,0.047435176,148.07,5.7999,0.047
0.0032159511175430134,0.045880514,148.07,5.7999,0.046
0.0032087277394513077,0.044576927,148.07,5.7999,0.045
0.0032005120819331096,0.043148553,148.07,5.7999,0.044
0.0031923383878691143,0.041782307,148.07,5.7999,0.042
0.0031852205765249245,0.04063518,148.07,5.7999,0.041
0.003177124702144559,0.039376601,148.07,5.7999,0.04
0.0031690698779908094,0.038171118,148.07,5.7999,0.039
0.0031620553359683794,0.037157694,148.07,5.7999,0.038
0.0031540766440624505,0.036044436,148.07,5.7999,0.037
0.0031461381154632684,0.034976762,148.07,5.7999,0.036
0.0031382394476698575,0.033952362,148.07,5.7999,0.035
0.003131360576170346,0.033089799,148.07,5.7999,0.034
0.003123535842573794,0.032140783,148.07,5.7999,0.033
0.0031157501168406296,0.031229135,148.07,5.7999,0.032
0.00310896937665164,0.030460659,148.07,5.7999,0.031
0.0031012560086835167,0.029614239,148.07,5.7999,0.031
0.0030935808197989174,0.028800218,148.07,5.7999,0.03
0.003412386964681795,0.113156557,148.49,7.0204,0.114
0.0034030968181044748,0.10818498,148.49,7.0204,0.109
0.0033938571186153065,0.103501297,148.49,7.0204,0.105
0.0033846674564224064,0.099085213,148.49,7.0204,0.099
0.0033755274261603376,0.094918106,148.49,7.0204,0.095
0.0033664366268305,0.090982866,148.49,7.0204,0.091
0.0033585222502099076,0.087717334,148.49,7.0204,0.087
0.0033495226930162453,0.08417542,148.49,7.0204,0.084
0.003340571237681643,0.080823413,148.49,7.0204,0.081
0.003331667499583542,0.077648873,148.49,7.0204,0.078
0.003323915572544457,0.075007677,148.49,7.0204,0.075
0.003315100281783524,0.072135615,148.49,7.0204,0.072
0.003306331625061994,0.069410285,148.49,7.0204,0.069
0.0032976092333058533,0.066822508,148.49,7.0204,0.067
0.003290014805066623,0.064664336,148.49,7.0204,0.064
0.003281378178835111,0.062312028,148.49,7.0204,0.062
0.003272786777941417,0.060074439,148.49,7.0204,0.06
0.0032653061224489797,0.058205244,148.49,7.0204,0.058
0.0032567985670086306,0.056164627,148.49,7.0204,0.057
0.0032483352281955495,0.054220259,148.49,7.0204,0.055
0.0032399157621901833,0.052366558,148.49,7.0204,0.053
0.003232584451268789,0.050814849,148.49,7.0204,0.051
0.003224246332419797,0.04911741,148.49,7.0204,0.049
0.0032159511175430134,0.047496612,148.49,7.0204,0.048
0.0032087277394513077,0.046137925,148.49,7.0204,0.047
0.0032005120819331096,0.044649559,148.49,7.0204,0.046
0.0031923383878691143,0.043226314,148.49,7.0204,0.044
0.0031852205765249245,0.042031624,148.49,7.0204,0.043
0.003177124702144559,0.04072118,148.49,7.0204,0.041
0.0031690698779908094,0.03946634,148.49,7.0204,0.04
0.0031620553359683794,0.03841167,148.49,7.0204,0.039
0.0031540766440624505,0.03725337,148.49,7.0204,0.038
0.0031461381154632684,0.036142767,148.49,7.0204,0.037
0.003139224611520954,0.035208201,148.49,7.0204,0.036
0.003131360576170346,0.034180594,148.49,7.0204,0.035
0.003123535842573794,0.033194082,148.49,7.0204,0.035
0.0031157501168406296,0.032246627,148.49,7.0204,0.034
0.00310896937665164,0.031448134,148.49,7.0204,0.033
0.0031012560086835167,0.030568833,148.49,7.0204,0.032
0.0030935808197989174,0.02972337,148.49,7.0204,0.031
0.003412386964681795,0.193097075,159.48,3.986,0.1922
0.0034030968181044748,0.183743036,159.48,3.986,0.1834
0.0033938571186153065,0.174980505,159.48,3.986,0.1735
0.0033846674564224064,0.166764166,159.48,3.986,0.1658
0.0033755274261603376,0.159052743,159.48,3.986,0.157
0.0033664366268305,0.151808594,159.48,3.986,0.1493
0.0033585222502099076,0.14582618,159.48,3.986,0.1405
0.0033495226930162453,0.139367853,159.48,3.986,0.1339
0.003340571237681643,0.1332857,159.48,3.986,0.1273
0.003331667499583542,0.127553074,159.48,3.986,0.1218
0.003323915572544457,0.122804483,159.48,3.986,0.1163
0.003315100281783524,0.117662913,159.48,3.986,0.1108
0.003306331625061994,0.112805831,159.48,3.986,0.1053
0.0032976092333058533,0.108214046,159.48,3.986,0.1009
0.003290014805066623,0.104399932,159.48,3.986,0.0965
0.003281378178835111,0.100259026,159.48,3.986,0.0921
0.003272786777941417,0.096336216,159.48,3.986,0.0877
0.0032653061224489797,0.093071604,159.48,3.986,0.0844
0.0032567985670086306,0.089520729,159.48,3.986,0.0811
0.0032483352281955495,0.086150377,159.48,3.986,0.0778
0.0032399157621901833,0.082949315,159.48,3.986,0.0745
0.003232584451268789,0.080279052,159.48,3.986,0.0712
0.003224246332419797,0.077367934,159.48,3.986,0.069
0.0032159511175430134,0.074598143,159.48,3.986,0.0657
0.0032087277394513077,0.072283879,159.48,3.986,0.0635
0.0032005120819331096,0.069756857,159.48,3.986,0.0613
0.0031923383878691143,0.067348515,159.48,3.986,0.0591
0.0031852205765249245,0.065333175,159.48,3.986,0.0569
0.003177124702144559,0.063129267,159.48,3.986,0.0547
0.0031690698779908094,0.061025574,159.48,3.986,0.0525
0.0031620553359683794,0.059262633,159.48,3.986,0.0514
0.0031540766440624505,0.05733202,159.48,3.986,0.0492
0.0031461381154632684,0.055486474,159.48,3.986,0.0481
0.003139224611520954,0.053937764,159.48,3.986,0.0459
0.003131360576170346,0.0522395,159.48,3.986,0.0448
0.003123535842573794,0.050613801,159.48,3.986,0.0437
0.0031157501168406296,0.04905684,159.48,3.986,0.0415
0.00310896937665164,0.047748058,159.48,3.986,0.0404
0.0031012560086835167,0.04631048,159.48,3.986,0.0393
0.0030935808197989174,0.044931904,159.48,3.986,0.0382
0.003412386964681795,0.166047776,135.86,4.3875,0.1656
0.0034030968181044748,0.158013768,135.86,4.3875,0.159
0.0033938571186153065,0.150487242,135.86,4.3875,0.1502
0.0033846674564224064,0.143429357,135.86,4.3875,0.1425
0.0033755274261603376,0.136804735,135.86,4.3875,0.1348
0.0033664366268305,0.130581108,135.86,4.3875,0.1282
0.0033585222502099076,0.125441148,135.86,4.3875,0.1216
0.0033495226930162453,0.119891957,135.86,4.3875,0.115
0.003340571237681643,0.114665655,135.86,4.3875,0.1097
0.003331667499583542,0.109739392,135.86,4.3875,0.1053
0.003323915572544457,0.105658515,135.86,4.3875,0.0998
0.003315100281783524,0.101239674,135.86,4.3875,0.0954
0.003306331625061994,0.09706509,135.86,4.3875,0.091
0.0032976092333058533,0.093118303,135.86,4.3875,0.0866
0.003290014805066623,0.089839779,135.86,4.3875,0.0833
0.003281378178835111,0.086280172,135.86,4.3875,0.0789
0.003272786777941417,0.082907868,135.86,4.3875,0.0756
0.0032653061224489797,0.080101258,135.86,4.3875,0.0723
0.0032567985670086306,0.0770484,135.86,4.3875,0.0701
0.0032483352281955495,0.074150603,135.86,4.3875,0.0668
0.0032409658078107273,0.071734634,135.86,4.3875,0.0635
0.003232584451268789,0.069102147,135.86,4.3875,0.0613
0.003224246332419797,0.066598854,135.86,4.3875,0.0591
0.0032159511175430134,0.064216981,135.86,4.3875,0.0569
0.0032087277394513077,0.062226752,135.86,4.3875,0.0547
0.0032005120819331096,0.060053467,135.86,4.3875,0.0525
0.0031923383878691143,0.05798216,135.86,4.3875,0.0503
0.0031852205765249245,0.056248788,135.86,4.3875,0.0492
0.003177124702144559,0.054353157,135.86,4.3875,0.047
0.0031690698779908094,0.05254365,135.86,4.3875,0.0448
0.00316105579263474,0.050815451,135.86,4.3875,0.0437
0.0031540766440624505,0.049366433,135.86,4.3875,0.0415
0.0031461381154632684,0.047778795,135.86,4.3875,0.0404
0.003139224611520954,0.046446464,135.86,4.3875,0.0393
0.003131360576170346,0.044985423,135.86,4.3875,0.0382
0.003123535842573794,0.043586761,135.86,4.3875,0.0371
0.0031157501168406296,0.042247189,135.86,4.3875,0.036
0.00310896937665164,0.041121107,135.86,4.3875,0.0349
0.0031012560086835167,0.039884169,135.86,4.3875,0.0338
0.0030935808197989174,0.038697958,135.86,4.3875,0.0327
0.003412386964681795,0.169620842,121.1,4.789,0.1695
0.0034030968181044748,0.161223509,121.1,4.789,0.1627
0.0033938571186153065,0.153367739,121.1,4.789,0.1546
0.0033846674564224064,0.146011262,121.1,4.789,0.1477
0.0033755274261603376,0.139115644,121.1,4.789,0.1396
0.0033664366268305,0.132645895,121.1,4.789,0.1329
0.0033585222502099076,0.127309067,121.1,4.789,0.1274
0.0033495226930162453,0.121554051,121.1,4.789,0.1206
0.003340571237681643,0.116140488,121.1,4.789,0.1152
0.003331667499583542,0.111043766,121.1,4.789,0.1098
0.003323915572544457,0.106826273,121.1,4.789,0.1057
0.003315100281783524,0.102264341,121.1,4.789,0.1017
0.003306331625061994,0.097959342,121.1,4.789,0.0962
0.0032976092333058533,0.093893654,121.1,4.789,0.0921
0.003290014805066623,0.09051971,121.1,4.789,0.088
0.003281378178835111,0.086860046,121.1,4.789,0.0854
0.003272786777941417,0.083396455,121.1,4.789,0.0826
0.0032653061224489797,0.080516547,121.1,4.789,0.0786
0.0032567985670086306,0.077386801,121.1,4.789,0.0758
0.0032483352281955495,0.074418837,121.1,4.789,0.0732
0.0032399157621901833,0.071602429,121.1,4.789,0.0704
0.003232584451268789,0.069254936,121.1,4.789,0.0677
0.003224246332419797,0.066697722,121.1,4.789,0.065
0.0032159511175430134,0.064266666,121.1,4.789,0.0623
0.0032087277394513077,0.06223697,121.1,4.789,0.061
0.0032005120819331096,0.060022326,121.1,4.789,0.0582
0.0031923383878691143,0.057913335,121.1,4.789,0.0555
0.0031852205765249245,0.056149761,121.1,4.789,0.0542
0.003177124702144559,0.054222528,121.1,4.789,0.0528
0.0031690698779908094,0.05238428,121.1,4.789,0.0514
0.0031620553359683794,0.05084483,121.1,4.789,0.0488
0.0031540766440624505,0.049160081,121.1,4.789,0.0473
0.0031461381154632684,0.047550684,121.1,4.789,0.046
0.0031382394476698575,0.046012489,121.1,4.789,0.0447
0.003131360576170346,0.044721918,121.1,4.789,0.0433
0.003123535842573794,0.043306962,121.1,4.789,0.042
0.0031157501168406296,0.041952707,121.1,4.789,0.0406
0.00310896937665164,0.040814997,121.1,4.789,0.0392
0.0031012560086835167,0.039566054,121.1,4.789,0.0379
0.0030935808197989174,0.038369104,121.1,4.789,0.0379
0.003412386964681795,0.178537461,109.3,5.1905,0.1787
0.0034030968181044748,0.169472838,109.3,5.1905,0.1672
0.0033938571186153065,0.161006348,109.3,5.1905,0.1604
0.0033846674564224064,0.153090279,109.3,5.1905,0.1532
0.0033755274261603376,0.145681343,109.3,5.1905,0.1459
0.0033664366268305,0.138740214,109.3,5.1905,0.1396
0.0033585222502099076,0.133022267,109.3,5.1905,0.1344
0.0033495226930162453,0.126864353,109.3,5.1905,0.1282
0.003340571237681643,0.121079715,109.3,5.1905,0.1219
0.003331667499583542,0.115640894,109.3,5.1905,0.1163
0.003323915572544457,0.111145815,109.3,5.1905,0.1119
0.003315100281783524,0.106289413,109.3,5.1905,0.1069
0.003306331625061994,0.101712221,109.3,5.1905,0.1022
0.0032976092333058533,0.09739471,109.3,5.1905,0.098
0.003290014805066623,0.093815773,109.3,5.1905,0.0944
0.003281378178835111,0.089937969,109.3,5.1905,0.0905
0.003272786777941417,0.086272082,109.3,5.1905,0.0868
0.0032653061224489797,0.083227141,109.3,5.1905,0.0836
0.0032567985670086306,0.079921404,109.3,5.1905,0.0802
0.0032483352281955495,0.076789875,109.3,5.1905,0.077
0.0032399157621901833,0.073821339,109.3,5.1905,0.0738
0.003232584451268789,0.071349405,109.3,5.1905,0.0713
0.003224246332419797,0.068659144,109.3,5.1905,0.0685
0.0032159511175430134,0.066104097,109.3,5.1905,0.0657
0.0032087277394513077,0.063972794,109.3,5.1905,0.0634
0.0032005120819331096,0.061649324,109.3,5.1905,0.0623
0.0031923383878691143,0.059438728,109.3,5.1905,0.0586
0.0031852205765249245,0.057591751,109.3,5.1905,0.0565
0.003177124702144559,0.055575043,109.3,5.1905,0.0543
0.0031690698779908094,0.053653115,109.3,5.1905,0.0522
0.0031620553359683794,0.052044869,109.3,5.1905,0.0504
0.0031540766440624505,0.050286203,109.3,5.1905,0.0486
0.0031461381154632684,0.048607567,109.3,5.1905,0.0467
0.003139224611520954,0.047200881,109.3,5.1905,0.0451
0.003131360576170346,0.04566046,109.3,5.1905,0.0434
0.003123535842573794,0.044187967,109.3,5.1905,0.0417
0.0031157501168406296,0.042779711,109.3,5.1905,0.0402
0.00310896937665164,0.041597463,109.3,5.1905,0.0389
0.0031012560086835167,0.040300516,109.3,5.1905,0.0374
0.0030935808197989174,0.039058453,109.3,5.1905,0.036
0.003412386964681795,2.773862891,179.6,4.5615,2.7767
0.0034030968181044748,2.546646253,179.6,4.5615,2.6153
0.0033938571186153065,2.34271622,179.6,4.5615,2.4947
0.0033846674564224064,2.159247637,179.6,4.5615,2.3481
0.0033755274261603376,1.993808031,179.6,4.5615,2.195
0.0033664366268305,1.844296446,179.6,4.5615,2.041
0.0033585222502099076,1.725102859,179.6,4.5615,1.8944
0.0033495226930162453,1.600739179,179.6,4.5615,1.7543
0.003340571237681643,1.487686467,179.6,4.5615,1.6281
0.003331667499583542,1.384720802,179.6,4.5615,1.514
0.003323915572544457,1.302054611,179.6,4.5615,1.4073
0.003315100281783524,1.215217222,179.6,4.5615,1.3006
0.003306331625061994,1.135724791,179.6,4.5615,1.2079
0.0032976092333058533,1.062835929,179.6,4.5615,1.1272
0.003290014805066623,1.003958236,179.6,4.5615,1.0474
0.003281378178835111,0.94174441,179.6,4.5615,0.9741
0.003272786777941417,0.884444995,179.6,4.5615,0.9073
0.0032653061224489797,0.837972833,179.6,4.5615,0.8479
0.0032567985670086306,0.788675708,179.6,4.5615,0.7876
0.0032483352281955495,0.743089035,179.6,4.5615,0.7412
0.0032399157621901833,0.700877881,179.6,4.5615,0.6874
0.003232584451268789,0.666475511,179.6,4.5615,0.6438
0.003224246332419797,0.629809293,179.6,4.5615,0.6021
0.0032159511175430134,0.595736499,179.6,4.5615,0.5631
0.0032087277394513077,0.567876272,179.6,4.5615,0.5288
0.0032005120819331096,0.538088773,179.6,4.5615,0.4944
0.0031923383878691143,0.510317215,179.6,4.5615,0.4629
0.0031852205765249245,0.487541192,179.6,4.5615,0.4341
0.003177124702144559,0.463118752,179.6,4.5615,0.4082
0.0031690698779908094,0.440280277,179.6,4.5615,0.385
0.0031620553359683794,0.421498195,179.6,4.5615,0.3608
0.0031540766440624505,0.401304335,179.6,4.5615,0.3414
0.0031461381154632684,0.382367421,179.6,4.5615,0.3182
0.0031382394476698575,0.364592851,179.6,4.5615,0.2996
0.003131360576170346,0.349925538,179.6,4.5615,0.2829
0.003123535842573794,0.334103577,179.6,4.5615,0.269
0.0031157501168406296,0.319215312,179.6,4.5615,0.2542
0.00310896937665164,0.306901362,179.6,4.5615,0.2412
0.0031012560086835167,0.293588161,179.6,4.5615,0.2282
0.0030935808197989174,0.281031236,179.6,4.5615,0.2161
0.003412386964681795,1.855751887,158.39,5.2508,1.855
0.0034030968181044748,1.711855053,158.39,5.2508,1.8019
0.0033938571186153065,1.581972413,158.39,5.2508,1.6957
0.0033846674564224064,1.464484572,158.39,5.2508,1.5885
0.0033755274261603376,1.357986881,158.39,5.2508,1.4812
0.0033664366268305,1.261257485,158.39,5.2508,1.3825
0.0033573946617424877,1.173230617,158.39,5.2508,1.2826
0.0033495226930162453,1.10261025,158.39,5.2508,1.1988
0.003340571237681643,1.028479075,158.39,5.2508,1.1149
0.003331667499583542,0.960667684,158.39,5.2508,1.0384
0.003323915572544457,0.906009639,158.39,5.2508,0.9705
0.003315100281783524,0.848374647,158.39,5.2508,0.9089
0.003306331625061994,0.795406482,158.39,5.2508,0.8484
0.0032976092333058533,0.746653277,158.39,5.2508,0.7868
0.003290014805066623,0.707135156,158.39,5.2508,0.7379
0.003281378178835111,0.665238006,158.39,5.2508,0.6901
0.003272786777941417,0.626516503,158.39,5.2508,0.6466
0.0032653061224489797,0.595012534,158.39,5.2508,0.6052
0.0032567985670086306,0.561491331,158.39,5.2508,0.568
0.0032483352281955495,0.530394862,158.39,5.2508,0.5351
0.0032409658078107273,0.505008281,158.39,5.2508,0.5043
0.003232584451268789,0.477906898,158.39,5.2508,0.4735
0.003224246332419797,0.452679623,158.39,5.2508,0.4459
0.0032159511175430134,0.429170432,158.39,5.2508,0.4183
0.0032087277394513077,0.409898102,158.39,5.2508,0.3939
0.0032005120819331096,0.389240967,158.39,5.2508,0.3695
0.0031923383878691143,0.369931674,158.39,5.2508,0.3504
0.0031852205765249245,0.354058006,158.39,5.2508,0.3312
0.003177124702144559,0.336997482,158.39,5.2508,0.3132
0.0031690698779908094,0.32100501,158.39,5.2508,0.2983
0.0031620553359683794,0.307823997,158.39,5.2508,0.2824
0.0031540766440624505,0.293621825,158.39,5.2508,0.2675
0.0031461381154632684,0.280273888,158.39,5.2508,0.2537
0.003139224611520954,0.269246125,158.39,5.2508,0.2399
0.003131360576170346,0.257336296,158.39,5.2508,0.2282
0.003123535842573794,0.246115601,158.39,5.2508,0.2166
0.0031157501168406296,0.235535656,158.39,5.2508,0.2059
0.00310896937665164,0.226768806,158.39,5.2508,0.1953
0.0031012560086835167,0.217273364,158.39,5.2508,0.1847
0.0030935808197989174,0.208300374,158.39,5.2508,0.1773
0.003412386964681795,1.334540978,145.13,5.9401,1.3338
0.0034030968181044748,1.236194425,145.13,5.9401,1.2878
0.0033938571186153065,1.146984107,145.13,5.9401,1.2135
0.0033846674564224064,1.065900825,145.13,5.9401,1.1404
0.0033755274261603376,0.99206351,145.13,5.9401,1.0637
0.0033664366268305,0.924700947,145.13,5.9401,0.9918
0.0033573946617424877,0.86313638,145.13,5.9401,0.9257
0.0033495226930162453,0.813553776,145.13,5.9401,0.8656
0.003340571237681643,0.761311506,145.13,5.9401,0.809
0.003331667499583542,0.713338116,145.13,5.9401,0.7559
0.003323915572544457,0.674534182,145.13,5.9401,0.7087
0.003315100281783524,0.633478016,145.13,5.9401,0.6662
0.003306331625061994,0.595613754,145.13,5.9401,0.625
0.0032976092333058533,0.560644085,145.13,5.9401,0.5826
0.003290014805066623,0.532210821,145.13,5.9401,0.5495
0.003281378178835111,0.501975622,145.13,5.9401,0.5165
0.003272786777941417,0.47394539,145.13,5.9401,0.4858
0.0032653061224489797,0.451075334,145.13,5.9401,0.4564
0.0032567985670086306,0.426674183,145.13,5.9401,0.4304
0.0032483352281955495,0.403973642,145.13,5.9401,0.4068
0.0032409658078107273,0.385393191,145.13,5.9401,0.3855
0.003232584451268789,0.3655077,145.13,5.9401,0.3643
0.003224246332419797,0.346948841,145.13,5.9401,0.3443
0.0032159511175430134,0.329609874,145.13,5.9401,0.3243
0.0032087277394513077,0.315362674,145.13,5.9401,0.3077
0.0032005120819331096,0.300057216,145.13,5.9401,0.2912
0.0031923383878691143,0.285716738,145.13,5.9401,0.2771
0.0031852205765249245,0.273902414,145.13,5.9401,0.2629
0.003177124702144559,0.261178153,145.13,5.9401,0.2488
0.0031690698779908094,0.249224451,145.13,5.9401,0.2381
0.0031620553359683794,0.239352508,145.13,5.9401,0.2276
0.0031540766440624505,0.228695074,145.13,5.9401,0.2169
0.0031461381154632684,0.218658348,145.13,5.9401,0.2063
0.003139224611520954,0.210350814,145.13,5.9401,0.1969
0.003131360576170346,0.20136254,145.13,5.9401,0.1874
0.003123535842573794,0.192878342,145.13,5.9401,0.1792
0.0031157501168406296,0.18486386,145.13,5.9401,0.1709
0.00310896937665164,0.178211581,145.13,5.9401,0.1626
0.0031012560086835167,0.170994541,145.13,5.9401,0.1555
0.0030935808197989174,0.164162822,145.13,5.9401,0.1497
0.003412386964681795,1.359722555,134.52,6.6294,1.3585
0.0034030968181044748,1.257791465,134.52,6.6294,1.2899
0.0033938571186153065,1.165480995,134.52,6.6294,1.216
0.0033846674564224064,1.081712232,134.52,6.6294,1.1475
0.0033755274261603376,1.005545261,134.52,6.6294,1.0762
0.0033664366268305,0.936159056,134.52,6.6294,1.0129
0.0033573946617424877,0.872834581,134.52,6.6294,0.9575
0.0033495226930162453,0.821899985,134.52,6.6294,0.8942
0.003340571237681643,0.768299517,134.52,6.6294,0.8441
0.003331667499583542,0.719141814,134.52,6.6294,0.8045
0.003322811098189068,0.673986917,134.52,6.6294,0.7623
0.003315100281783524,0.637452463,134.52,6.6294,0.7254
0.003306331625061994,0.598787001,134.52,6.6294,0.6885
0.0032976092333058533,0.563117566,134.52,6.6294,0.6542
0.003290014805066623,0.534145067,134.52,6.6294,0.6225
0.003281378178835111,0.503367018,134.52,6.6294,0.5961
0.003272786777941417,0.474862887,134.52,6.6294,0.5671
0.0032653061224489797,0.451628005,134.52,6.6294,0.5407
0.0032567985670086306,0.426860148,134.52,6.6294,0.5143
0.0032483352281955495,0.403840225,134.52,6.6294,0.4932
0.0032399157621901833,0.382419836,134.52,6.6294,0.4721
0.003232584451268789,0.364883604,134.52,6.6294,0.4537
0.003224246332419797,0.346111955,134.52,6.6294,0.4326
0.0032159511175430134,0.32858903,134.52,6.6294,0.4141
0.0032087277394513077,0.314201817,134.52,6.6294,0.3983
0.0032005120819331096,0.298757571,134.52,6.6294,0.3825
0.0031923383878691143,0.284298386,134.52,6.6294,0.3666
0.0031852205765249245,0.272394803,134.52,6.6294,0.3534
0.003177124702144559,0.259583348,134.52,6.6294,0.3376
0.0031690698779908094,0.247556477,134.52,6.6294,0.3244
0.0031620553359683794,0.237630718,134.52,6.6294,0.3139
0.0031540766440624505,0.226922132,134.52,6.6294,0.3033
0.0031461381154632684,0.216844049,134.52,6.6294,0.2901
0.0031382394476698575,0.207351455,134.52,6.6294,0.2822
0.003131360576170346,0.199493187,134.52,6.6294,0.2743
0.003123535842573794,0.190989818,134.52,6.6294,0.2637
0.0031157501168406296,0.182962173,134.52,6.6294,0.2558
0.00310896937665164,0.176302732,134.52,6.6294,0.2453
0.0031012560086835167,0.169081908,134.52,6.6294,0.2374
0.0030935808197989174,0.162250544,134.52,6.6294,0.2321
0.003412386964681795,0.783736085,218.5,5.6241,0.784
0.0034030968181044748,0.736811191,218.5,5.6241,0.745
0.0033938571186153065,0.693485598,218.5,5.6241,0.707
0.0033846674564224064,0.653428066,218.5,5.6241,0.669
0.0033755274261603376,0.616342613,218.5,5.6241,0.631
0.0033664366268305,0.58196428,218.5,5.6241,0.591
0.0033573946617424877,0.550055458,218.5,5.6241,0.554
0.0033495226930162453,0.523992671,218.5,5.6241,0.534
0.003340571237681643,0.496155741,218.5,5.6241,0.511
0.003331667499583542,0.470230378,218.5,5.6241,0.489
0.003322811098189068,0.446058318,218.5,5.6241,0.466
0.003315100281783524,0.426233223,218.5,5.6241,0.438
0.003306331625061994,0.404973723,218.5,5.6241,0.417
0.0032976092333058533,0.385091628,218.5,5.6241,0.399
0.003290014805066623,0.368739647,218.5,5.6241,0.379
0.003281378178835111,0.351157182,218.5,5.6241,0.366
0.003272786777941417,0.334667662,218.5,5.6241,0.347
0.0032653061224489797,0.321071028,218.5,5.6241,0.337
0.0032567985670086306,0.306414712,218.5,5.6241,0.324
0.0032483352281955495,0.29263367,218.5,5.6241,0.309
0.0032399157621901833,0.279664487,218.5,5.6241,0.298
0.003232584451268789,0.268936665,218.5,5.6241,0.285
0.003224246332419797,0.257337045,218.5,5.6241,0.274
0.0032159511175430134,0.246395049,218.5,5.6241,0.264
0.0032087277394513077,0.237324525,218.5,5.6241,0.256
0.0032005120819331096,0.227496248,218.5,5.6241,0.247
0.0031923383878691143,0.218204817,218.5,5.6241,0.236
0.0031852205765249245,0.210487046,218.5,5.6241,0.222
0.003177124702144559,0.202108113,218.5,5.6241,0.218
0.0031690698779908094,0.194170622,218.5,5.6241,0.213
0.0031620553359683794,0.187565075,218.5,5.6241,0.204
0.0031540766440624505,0.180380481,218.5,5.6241,0.195
0.0031461381154632684,0.173561351,218.5,5.6241,0.186
0.0031382394476698575,0.167084963,218.5,5.6241,0.179
0.003131360576170346,0.16168268,218.5,5.6241,0.176
0.003123535842573794,0.155793349,218.5,5.6241,0.169
0.0031157501168406296,0.150190186,218.5,5.6241,0.162
0.00310896937665164,0.145508747,218.5,5.6241,0.155
0.0031012560086835167,0.14039718,218.5,5.6241,0.147
0.0030935808197989174,0.135525946,218.5,5.6241,0.137
0.003412386964681795,0.69619308,201.94,6.8446,0.697
0.0034030968181044748,0.654573894,201.94,6.8446,0.665
0.0033938571186153065,0.616142531,201.94,6.8446,0.629
0.0033846674564224064,0.580606013,201.94,6.8446,0.596
0.0033755274261603376,0.547702508,201.94,6.8446,0.563
0.0033664366268305,0.517197592,201.94,6.8446,0.529
0.0033573946617424877,0.488881007,201.94,6.8446,0.498
0.0033495226930162453,0.46575013,201.94,6.8446,0.477
0.003340571237681643,0.441042423,201.94,6.8446,0.455
0.003331667499583542,0.418029202,201.94,6.8446,0.435
0.003322811098189068,0.396570351,201.94,6.8446,0.414
0.003315100281783524,0.378969044,201.94,6.8446,0.391
0.003306331625061994,0.360092678,201.94,6.8446,0.372
0.0032976092333058533,0.342437801,201.94,6.8446,0.356
0.003290014805066623,0.327916452,201.94,6.8446,0.339
0.003281378178835111,0.312301185,201.94,6.8446,0.325
0.003272786777941417,0.297655418,201.94,6.8446,0.309
0.0032653061224489797,0.285578197,201.94,6.8446,0.299
0.0032567985670086306,0.272558791,201.94,6.8446,0.287
0.0032483352281955495,0.260316002,201.94,6.8446,0.275
0.0032399157621901833,0.248793623,201.94,6.8446,0.264
0.003232584451268789,0.239261938,201.94,6.8446,0.253
0.003224246332419797,0.228954997,201.94,6.8446,0.243
0.0032159511175430134,0.219231742,201.94,6.8446,0.234
0.0032087277394513077,0.211171016,201.94,6.8446,0.226
0.0032005120819331096,0.202436372,201.94,6.8446,0.218
0.0031923383878691143,0.19417832,201.94,6.8446,0.209
0.0031852205765249245,0.187318514,201.94,6.8446,0.199
0.003177124702144559,0.179870628,201.94,6.8446,0.194
0.0031690698779908094,0.172814718,201.94,6.8446,0.188
0.0031620553359683794,0.166942504,201.94,6.8446,0.181
0.0031540766440624505,0.160555191,201.94,6.8446,0.174
0.0031461381154632684,0.154492452,201.94,6.8446,0.166
0.0031382394476698575,0.148734128,201.94,6.8446,0.1611
0.003131360576170346,0.143930581,201.94,6.8446,0.157
0.003123535842573794,0.138693712,201.94,6.8446,0.151
0.0031157501168406296,0.133711055,201.94,6.8446,0.146
0.00310896937665164,0.129547854,201.94,6.8446,0.14
0.0031012560086835167,0.125001934,201.94,6.8446,0.134
0.0030935808197989174,0.120669545,201.94,6.8446,0.129
0.003412386964681795,0.606645563,191.58,8.0651,0.608
0.0034030968181044748,0.570900072,191.58,8.0651,0.582
0.0033938571186153065,0.537856459,191.58,8.0651,0.549
0.0033846674564224064,0.507269517,191.58,8.0651,0.521
0.0033755274261603376,0.478919793,191.58,8.0651,0.493
0.0033664366268305,0.452610531,191.58,8.0651,0.466
0.0033573946617424877,0.428165021,191.58,8.0651,0.44
0.0033495226930162453,0.408178689,191.58,8.0651,0.419
0.003340571237681643,0.386811636,191.58,8.0651,0.399
0.003331667499583542,0.366892279,191.58,8.0651,0.382
0.003322811098189068,0.34830228,191.58,8.0651,0.363
0.003315100281783524,0.333042067,191.58,8.0651,0.345
0.003306331625061994,0.316663838,191.58,8.0651,0.329
0.0032976092333058533,0.301333219,191.58,8.0651,0.314
0.003290014805066623,0.288714395,191.58,8.0651,0.301
0.003281378178835111,0.275135339,191.58,8.0651,0.287
0.003272786777941417,0.262389945,191.58,8.0651,0.275
0.0032653061224489797,0.251872695,191.58,8.0651,0.264
0.0032567985670086306,0.240527487,191.58,8.0651,0.253
0.0032483352281955495,0.229851697,191.58,8.0651,0.243
0.0032399157621901833,0.219797375,191.58,8.0651,0.233
0.003232584451268789,0.211475004,191.58,8.0651,0.224
0.003224246332419797,0.202470347,191.58,8.0651,0.215
0.0032159511175430134,0.193970318,191.58,8.0651,0.207
0.0032087277394513077,0.186919625,191.58,8.0651,0.199
0.0032005120819331096,0.179275184,191.58,8.0651,0.192
0.0031923383878691143,0.172043628,191.58,8.0651,0.185
0.0031852205765249245,0.166033292,191.58,8.0651,0.178
0.003177124702144559,0.159504282,191.58,8.0651,0.172
0.0031690698779908094,0.153315504,191.58,8.0651,0.166
0.0031620553359683794,0.148162362,191.58,8.0651,0.16
0.0031540766440624505,0.142554445,191.58,8.0651,0.155
0.0031461381154632684,0.137228763,191.58,8.0651,0.149
0.0031382394476698575,0.132167944,191.58,8.0651,0.144
0.003131360576170346,0.1279443,191.58,8.0651,0.14
0.003123535842573794,0.123337564,191.58,8.0651,0.135
0.0031157501168406296,0.118952378,191.58,8.0651,0.131
0.00310896937665164,0.115286793,191.58,8.0651,0.126
0.0031012560086835167,0.111282529,191.58,8.0651,0.122
0.0030935808197989174,0.10746465,191.58,8.0651,0.119
0.003412386964681795,0.519161975,183.3,9.2857,0.521
0.0034030968181044748,0.48921268,183.3,9.2857,0.5
0.0033938571186153065,0.461483633,183.3,9.2857,0.47
0.0033846674564224064,0.435777023,183.3,9.2857,0.447
0.0033755274261603376,0.411915447,183.3,9.2857,0.424
0.0033664366268305,0.389739532,183.3,9.2857,0.403
0.0033573946617424877,0.369105862,183.3,9.2857,0.383
0.0033495226930162453,0.352214587,183.3,9.2857,0.364
0.003340571237681643,0.334134134,183.3,9.2857,0.346
0.003331667499583542,0.31725708,183.3,9.2857,0.33
0.003322811098189068,0.301486705,183.3,9.2857,0.314
0.003315100281783524,0.288526312,183.3,9.2857,0.3
0.003306331625061994,0.274600986,183.3,9.2857,0.287
0.0032976092333058533,0.261551339,183.3,9.2857,0.274
0.003290014805066623,0.250798673,183.3,9.2857,0.264
0.003281378178835111,0.239215903,183.3,9.2857,0.251
0.003272786777941417,0.228332605,183.3,9.2857,0.241
0.0032653061224489797,0.219343121,183.3,9.2857,0.231
0.0032567985670086306,0.209636699,183.3,9.2857,0.221
0.0032483352281955495,0.200493911,183.3,9.2857,0.213
0.0032399157621901833,0.191874993,183.3,9.2857,0.204
0.003232584451268789,0.184734413,183.3,9.2857,0.197
0.003224246332419797,0.177001728,183.3,9.2857,0.189
0.0032159511175430134,0.169695777,183.3,9.2857,0.181
0.0032087277394513077,0.163630522,183.3,9.2857,0.174
0.0032005120819331096,0.15704917,183.3,9.2857,0.168
0.0031923383878691143,0.150818009,183.3,9.2857,0.162
0.0031852205765249245,0.145635097,183.3,9.2857,0.157
0.003177124702144559,0.140000638,183.3,9.2857,0.151
0.0031690698779908094,0.134655553,183.3,9.2857,0.145
0.0031620553359683794,0.130201672,183.3,9.2857,0.14
0.0031540766440624505,0.125351269,183.3,9.2857,0.136
0.0031461381154632684,0.12074154,183.3,9.2857,0.131
0.0031382394476698575,0.116357869,183.3,9.2857,0.127
0.003131360576170346,0.112696899,183.3,9.2857,0.123
0.003123535842573794,0.10870125,183.3,9.2857,0.119
0.0031157501168406296,0.104895146,183.3,9.2857,0.115
0.00310896937665164,0.101711604,183.3,9.2857,0.112
0.0031012560086835167,0.098231766,183.3,9.2857,0.108
0.0030935808197989174,0.094911751,183.3,9.2857,0.105
0.003411222923418046,0.173394896,147.97,3.1245,0.1724
0.0034030968181044748,0.166076214,147.97,3.1245,0.1658
0.0033938571186153065,0.158205412,147.97,3.1245,0.1593
0.0033846674564224064,0.150822462,147.97,3.1245,0.1527
0.0033755274261603376,0.143890693,147.97,3.1245,0.1471
0.0033664366268305,0.137376646,147.97,3.1245,0.1405
0.0033573946617424877,0.131249756,147.97,3.1245,0.1349
0.0033495226930162453,0.126184277,147.97,3.1245,0.1302
0.003340571237681643,0.120709803,147.97,3.1245,0.1255
0.003331667499583542,0.115548274,147.97,3.1245,0.1208
0.003322811098189068,0.110677915,147.97,3.1245,0.1152
0.003315100281783524,0.106639433,147.97,3.1245,0.1115
0.003306331625061994,0.10226236,147.97,3.1245,0.1077
0.0032976092333058533,0.098123152,147.97,3.1245,0.103
0.003290014805066623,0.09468404,147.97,3.1245,0.0993
0.003281378178835111,0.090949284,147.97,3.1245,0.0955
0.003272786777941417,0.087410261,147.97,3.1245,0.0918
0.0032653061224489797,0.084464299,147.97,3.1245,0.089
0.0032567985670086306,0.081259224,147.97,3.1245,0.0862
0.0032483352281955495,0.078216308,147.97,3.1245,0.0824
0.0032399157621901833,0.075325506,147.97,3.1245,0.0796
0.003232584451268789,0.072913497,147.97,3.1245,0.0768
0.003224246332419797,0.070283331,147.97,3.1245,0.074
0.0032159511175430134,0.06778026,147.97,3.1245,0.0712
0.0032087277394513077,0.065688392,147.97,3.1245,0.0693
0.0032005120819331096,0.063403725,147.97,3.1245,0.0665
0.0031923383878691143,0.061225869,147.97,3.1245,0.0646
0.0031852205765249245,0.059403029,147.97,3.1245,0.0618
0.003177124702144559,0.05740923,147.97,3.1245,0.0599
0.0031690698779908094,0.055505691,147.97,3.1245,0.058
0.0031620553359683794,0.053910172,147.97,3.1245,0.0562
0.0031540766440624505,0.052162574,147.97,3.1245,0.0543
0.0031461381154632684,0.050491644,147.97,3.1245,0.0524
0.0031382394476698575,0.048893237,147.97,3.1245,0.0506
0.003131360576170346,0.047551064,147.97,3.1245,0.0487
0.003123535842573794,0.046078367,147.97,3.1245,0.0468
0.0031157501168406296,0.044667675,147.97,3.1245,0.0459
0.00310896937665164,0.043481646,147.97,3.1245,0.044
0.0031012560086835167,0.042178681,147.97,3.1245,0.0431
0.0030935808197989174,0.040928974,147.97,3.1245,0.0412
0.003412386964681795,0.139895486,127.15,3.526,0.1386
0.0034030968181044748,0.133293126,127.15,3.526,0.133
0.0033938571186153065,0.127098542,127.15,3.526,0.1274
0.0033846674564224064,0.121281183,127.15,3.526,0.1227
0.0033755274261603376,0.115813166,127.15,3.526,0.1171
0.0033664366268305,0.110669009,127.15,3.526,0.1124
0.0033585222502099076,0.106415161,127.15,3.526,0.1086
0.0033495226930162453,0.101816948,127.15,3.526,0.1049
0.003340571237681643,0.0974807,127.15,3.526,0.1002
0.003331667499583542,0.093388243,127.15,3.526,0.0965
0.003323915572544457,0.089994168,127.15,3.526,0.0927
0.003315100281783524,0.086314866,127.15,3.526,0.0899
0.003306331625061994,0.082834852,127.15,3.526,0.0862
0.0032976092333058533,0.079540952,127.15,3.526,0.0824
0.003290014805066623,0.076801882,127.15,3.526,0.0796
0.003281378178835111,0.073824915,127.15,3.526,0.0768
0.003272786777941417,0.071001556,127.15,3.526,0.074
0.0032653061224489797,0.068649483,127.15,3.526,0.0712
0.0032567985670086306,0.06608857,127.15,3.526,0.0684
0.0032483352281955495,0.063655275,127.15,3.526,0.0665
0.0032399157621901833,0.061341804,127.15,3.526,0.0637
0.003232584451268789,0.059410111,127.15,3.526,0.0618
0.003224246332419797,0.057302217,127.15,3.526,0.059
0.0032159511175430134,0.055294698,127.15,3.526,0.0571
0.0032087277394513077,0.053615832,127.15,3.526,0.0552
0.0032005120819331096,0.051781013,127.15,3.526,0.0534
0.0031923383878691143,0.050030755,127.15,3.526,0.0515
0.0031852205765249245,0.048564869,127.15,3.526,0.0496
0.003177124702144559,0.046960496,127.15,3.526,0.0477
0.0031690698779908094,0.045427745,127.15,3.526,0.0459
0.0031620553359683794,0.044142237,127.15,3.526,0.0449
0.0031540766440624505,0.042733362,127.15,3.526,0.0431
0.0031461381154632684,0.041385458,127.15,3.526,0.0421
0.003139224611520954,0.040253492,127.15,3.526,0.0402
0.003131360576170346,0.039011295,127.15,3.526,0.0393
0.003123535842573794,0.037821249,127.15,3.526,0.0374
0.0031157501168406296,0.036680649,127.15,3.526,0.0365
0.00310896937665164,0.035721184,127.15,3.526,0.0356
0.0031012560086835167,0.034666571,127.15,3.526,0.0346
0.0030935808197989174,0.033654508,127.15,3.526,0.0327
0.003412386964681795,0.121578336,114.13,3.9275,0.1208
0.0034030968181044748,0.115915743,114.13,3.9275,0.1161
0.0033938571186153065,0.110598741,114.13,3.9275,0.1115
0.0033846674564224064,0.105601727,114.13,3.9275,0.1068
0.0033755274261603376,0.100901311,114.13,3.9275,0.1021
0.0033664366268305,0.096476096,114.13,3.9275,0.0983
0.0033573946617424877,0.092306487,114.13,3.9275,0.0946
0.0033495226930162453,0.088853594,114.13,3.9275,0.0908
0.003340571237681643,0.085115981,114.13,3.9275,0.0871
0.003331667499583542,0.081586186,114.13,3.9275,0.0843
0.003322811098189068,0.078250121,114.13,3.9275,0.0805
0.003315100281783524,0.075479761,114.13,3.9275,0.0777
0.003306331625061994,0.072472782,114.13,3.9275,0.0749
0.0032976092333058533,0.069624909,114.13,3.9275,0.0721
0.003290014805066623,0.067255431,114.13,3.9275,0.0693
0.003281378178835111,0.064678769,114.13,3.9275,0.0665
0.003272786777941417,0.062233684,114.13,3.9275,0.0646
0.0032653061224489797,0.060195688,114.13,3.9275,0.0618
0.0032567985670086306,0.057975617,114.13,3.9275,0.0599
0.0032483352281955495,0.055865064,114.13,3.9275,0.058
0.0032399157621901833,0.053857403,114.13,3.9275,0.0552
0.003232584451268789,0.052180255,114.13,3.9275,0.0534
0.003224246332419797,0.050349273,114.13,3.9275,0.0515
0.0032159511175430134,0.048604629,114.13,3.9275,0.0496
0.0032087277394513077,0.047144948,114.13,3.9275,0.0487
0.0032005120819331096,0.045548974,114.13,3.9275,0.0468
0.0031923383878691143,0.044025853,114.13,3.9275,0.0449
0.0031852205765249245,0.04274966,114.13,3.9275,0.0431
0.003177124702144559,0.041352321,114.13,3.9275,0.0421
0.0031690698779908094,0.040016782,114.13,3.9275,0.0402
0.0031620553359683794,0.038896226,114.13,3.9275,0.0393
0.0031540766440624505,0.037667651,114.13,3.9275,0.0374
0.0031461381154632684,0.03649176,114.13,3.9275,0.0365
0.0031382394476698575,0.035365764,114.13,3.9275,0.0356
0.003131360576170346,0.034419388,114.13,3.9275,0.0337
0.003123535842573794,0.033380026,114.13,3.9275,0.0327
0.0031157501168406296,0.032383467,114.13,3.9275,0.0318
0.00310896937665164,0.031544873,114.13,3.9275,0.0309
0.0031012560086835167,0.030622797,114.13,3.9275,0.0299
0.0030935808197989174,0.029737603,114.13,3.9275,0.029
0.003412386964681795,0.108103719,103.72,4.329,0.1077
0.0034030968181044748,0.103128029,103.72,4.329,0.104
0.0033938571186153065,0.098452781,103.72,4.329,0.0993
0.0033846674564224064,0.09405594,103.72,4.329,0.0955
0.0033755274261603376,0.089917359,103.72,4.329,0.0918
0.0033664366268305,0.08601859,103.72,4.329,0.088
0.0033573946617424877,0.082342723,103.72,4.329,0.0843
0.0033495226930162453,0.079296958,103.72,4.329,0.0815
0.003340571237681643,0.075998204,103.72,4.329,0.0787
0.003331667499583542,0.07288105,103.72,4.329,0.0749
0.003322811098189068,0.0699333,103.72,4.329,0.0721
0.003315100281783524,0.067484129,103.72,4.329,0.0693
0.003306331625061994,0.064824415,103.72,4.329,0.0674
0.0032976092333058533,0.06230409,103.72,4.329,0.0646
0.003290014805066623,0.06020611,103.72,4.329,0.0618
0.003281378178835111,0.057923596,103.72,4.329,0.0599
0.003272786777941417,0.055756554,103.72,4.329,0.058
0.0032653061224489797,0.053949479,103.72,4.329,0.0552
0.0032567985670086306,0.051980076,103.72,4.329,0.0534
0.0032483352281955495,0.050106944,103.72,4.329,0.0515
0.0032399157621901833,0.04832431,103.72,4.329,0.0496
0.003232584451268789,0.046834514,103.72,4.329,0.0477
0.003224246332419797,0.045207394,103.72,4.329,0.0459
0.0032159511175430134,0.043656327,103.72,4.329,0.0449
0.0032087277394513077,0.042358088,103.72,4.329,0.0431
0.0032005120819331096,0.040938075,103.72,4.329,0.0412
0.0031923383878691143,0.039582328,103.72,4.329,0.0402
0.0031852205765249245,0.038445946,103.72,4.329,0.0393
0.003177124702144559,0.037201231,103.72,4.329,0.0374
0.0031690698779908094,0.036011106,103.72,4.329,0.0365
0.0031620553359683794,0.0350122,103.72,4.329,0.0346
0.0031540766440624505,0.033916619,103.72,4.329,0.0337
0.0031461381154632684,0.032867636,103.72,4.329,0.0327
0.0031382394476698575,0.031862801,103.72,4.329,0.0318
0.003131360576170346,0.031017978,103.72,4.329,0.0309
0.003123535842573794,0.030089846,103.72,4.329,0.0299
0.0031157501168406296,0.029199632,103.72,4.329,0.0281
0.00310896937665164,0.028450292,103.72,4.329,0.0281
0.0031012560086835167,0.0276261,103.72,4.329,0.0271
0.0030935808197989174,0.026834618,103.72,4.329,0.0262
0.003412386964681795,1.505338729,128.94,3.0108,1.51
0.0034030968181044748,1.400546449,128.94,3.0108,1.45
0.0033938571186153065,1.304989278,128.94,3.0108,1.382
0.0033846674564224064,1.21769713,128.94,3.0108,1.302
0.0033755274261603376,1.137817245,128.94,3.0108,1.217
0.0033664366268305,1.064598226,128.94,3.0108,1.15
0.0033585222502099076,1.005471973,128.94,3.0108,1.077
0.0033495226930162453,0.943013675,128.94,3.0108,1.015
0.003340571237681643,0.885506128,128.94,3.0108,0.96
0.003331667499583542,0.832479465,128.94,3.0108,0.909
0.003323915572544457,0.789426839,128.94,3.0108,0.843
0.003315100281783524,0.743709869,128.94,3.0108,0.797
0.003306331625061994,0.70138835,128.94,3.0108,0.745
0.0032976092333058533,0.662159482,128.94,3.0108,0.706
0.003290014805066623,0.630156994,128.94,3.0108,0.664
0.003281378178835111,0.59601673,128.94,3.0108,0.623
0.003272786777941417,0.564260334,128.94,3.0108,0.587
0.0032653061224489797,0.53827097,128.94,3.0108,0.554
0.0032567985670086306,0.510459596,128.94,3.0108,0.528
0.0032483352281955495,0.484506892,128.94,3.0108,0.499
0.0032399157621901833,0.46026302,128.94,3.0108,0.478
0.003232584451268789,0.440344329,128.94,3.0108,0.453
0.003224246332419797,0.418948358,128.94,3.0108,0.425
0.0032159511175430134,0.398903523,128.94,3.0108,0.405
0.0032087277394513077,0.382391305,128.94,3.0108,0.384
0.0032005120819331096,0.364608983,128.94,3.0108,0.361
0.0031923383878691143,0.347905133,128.94,3.0108,0.338
0.0031852205765249245,0.334111487,128.94,3.0108,0.319
0.003177124702144559,0.319221551,128.94,3.0108,0.309
0.0031690698779908094,0.305200032,128.94,3.0108,0.297
0.0031620553359683794,0.293595131,128.94,3.0108,0.285
0.0031540766440624505,0.28104023,128.94,3.0108,0.268
0.0031461381154632684,0.269190331,128.94,3.0108,0.257
0.0031382394476698575,0.25799731,128.94,3.0108,0.246
0.003131360576170346,0.248707356,128.94,3.0108,0.237
0.003123535842573794,0.238629352,128.94,3.0108,0.223
0.0031157501168406296,0.229090042,128.94,3.0108,0.213
0.00310896937665164,0.221157396,128.94,3.0108,0.204
0.0031012560086835167,0.212535685,128.94,3.0108,0.197
0.0030935808197989174,0.204358821,128.94,3.0108,0.192
0.003412386964681795,1.297661907,138.15,3.7,1.299
0.0034030968181044748,1.205337743,138.15,3.7,1.246
0.0033938571186153065,1.121315481,138.15,3.7,1.185
0.0033846674564224064,1.044706145,138.15,3.7,1.117
0.0033755274261603376,0.974730286,138.15,3.7,1.045
0.0033664366268305,0.910702813,138.15,3.7,0.986
0.0033585222502099076,0.859082023,138.15,3.7,0.923
0.0033495226930162453,0.804636655,138.15,3.7,0.869
0.003340571237681643,0.754587294,138.15,3.7,0.822
0.003331667499583542,0.70850932,138.15,3.7,0.777
0.003323915572544457,0.671151243,138.15,3.7,0.719
0.003315100281783524,0.631535438,138.15,3.7,0.683
0.003306331625061994,0.594913901,138.15,3.7,0.639
0.0032976092333058533,0.561015124,138.15,3.7,0.605
0.003290014805066623,0.533395519,138.15,3.7,0.569
0.003281378178835111,0.503966681,138.15,3.7,0.535
0.003272786777941417,0.476627241,138.15,3.7,0.504
0.0032653061224489797,0.454278461,138.15,3.7,0.476
0.0032567985670086306,0.4303896,138.15,3.7,0.454
0.0032483352281955495,0.408123142,138.15,3.7,0.429
0.0032399157621901833,0.387346283,138.15,3.7,0.409
0.003232584451268789,0.370293701,138.15,3.7,0.388
0.003224246332419797,0.351994777,138.15,3.7,0.365
0.0032159511175430134,0.334869314,138.15,3.7,0.348
0.0032087277394513077,0.320775452,138.15,3.7,0.33
0.0032005120819331096,0.305611612,138.15,3.7,0.311
0.0031923383878691143,0.291381235,138.15,3.7,0.292
0.0031852205765249245,0.27964055,138.15,3.7,0.276
0.003177124702144559,0.266977688,138.15,3.7,0.267
0.0031690698779908094,0.255064099,138.15,3.7,0.256
0.0031620553359683794,0.245211968,138.15,3.7,0.245
0.0031540766440624505,0.234561901,138.15,3.7,0.231
0.0031461381154632684,0.224518318,138.15,3.7,0.222
0.0031382394476698575,0.215039266,138.15,3.7,0.212
0.003131360576170346,0.20717779,138.15,3.7,0.204
0.003123535842573794,0.198655703,138.15,3.7,0.193
0.0031157501168406296,0.190595334,138.15,3.7,0.184
0.00310896937665164,0.183897261,138.15,3.7,0.176
0.0031012560086835167,0.176622372,138.15,3.7,0.171
0.0030935808197989174,0.169727804,138.15,3.7,0.165
0.003412386964681795,1.100841504,149.67,4.3893,1.101
0.0034030968181044748,1.023316169,149.67,4.3893,1.061
0.0033938571186153065,0.952696449,149.67,4.3893,1.0
0.0033846674564224064,0.888249518,149.67,4.3893,0.938
0.0033755274261603376,0.829332057,149.67,4.3893,0.877
0.0033664366268305,0.775377961,149.67,4.3893,0.822
0.0033585222502099076,0.731845637,149.67,4.3893,0.77
0.0033495226930162453,0.685897745,149.67,4.3893,0.723
0.003340571237681643,0.643627795,149.67,4.3893,0.683
0.003331667499583542,0.604683446,149.67,4.3893,0.646
0.003323915572544457,0.573087964,149.67,4.3893,0.6
0.003315100281783524,0.539561427,149.67,4.3893,0.569
0.003306331625061994,0.508548211,149.67,4.3893,0.533
0.0032976092333058533,0.47982219,149.67,4.3893,0.503
0.003290014805066623,0.456403353,149.67,4.3893,0.475
0.003281378178835111,0.431436181,149.67,4.3893,0.447
0.003272786777941417,0.408227858,149.67,4.3893,0.422
0.0032653061224489797,0.389245793,149.67,4.3893,0.398
0.0032567985670086306,0.368944979,149.67,4.3893,0.378
0.0032483352281955495,0.35001254,149.67,4.3893,0.359
0.0032399157621901833,0.332337264,149.67,4.3893,0.342
0.003232584451268789,0.31782325,149.67,4.3893,0.324
0.003224246332419797,0.302241078,149.67,4.3893,0.306
0.0032159511175430134,0.28765098,149.67,4.3893,0.291
0.0032087277394513077,0.275638264,149.67,4.3893,0.277
0.0032005120819331096,0.262707911,149.67,4.3893,0.261
0.0031923383878691143,0.250567998,149.67,4.3893,0.246
0.0031852205765249245,0.240547857,149.67,4.3893,0.233
0.003177124702144559,0.229736286,149.67,4.3893,0.224
0.0031690698779908094,0.219560133,149.67,4.3893,0.215
0.0031620553359683794,0.211141533,149.67,4.3893,0.206
0.0031540766440624505,0.202037654,149.67,4.3893,0.195
0.0031461381154632684,0.193448817,149.67,4.3893,0.187
0.0031382394476698575,0.185339614,149.67,4.3893,0.178
0.003131360576170346,0.178611845,149.67,4.3893,0.172
0.003123535842573794,0.171316213,149.67,4.3893,0.163
0.0031157501168406296,0.16441336,149.67,4.3893,0.155
0.00310896937665164,0.15867527,149.67,4.3893,0.149
0.0031012560086835167,0.152441017,149.67,4.3893,0.144
0.0030935808197989174,0.146530684,149.67,4.3893,0.14
0.003412386964681795,0.871966079,168.09,5.0786,0.872
0.0034030968181044748,0.812585271,168.09,5.0786,0.847
0.0033938571186153065,0.758332312,168.09,5.0786,0.796
0.0033846674564224064,0.708678889,168.09,5.0786,0.749
0.0033755274261603376,0.663159404,168.09,5.0786,0.707
0.0033664366268305,0.62136259,168.09,5.0786,0.659
0.0033585222502099076,0.587556883,168.09,5.0786,0.616
0.0033495226930162453,0.551791225,168.09,5.0786,0.579
0.003340571237681643,0.518808158,168.09,5.0786,0.544
0.003331667499583542,0.48834824,168.09,5.0786,0.514
0.003323915572544457,0.463582987,168.09,5.0786,0.48
0.003315100281783524,0.437249438,168.09,5.0786,0.454
0.003306331625061994,0.4128374,168.09,5.0786,0.426
0.0032976092333058533,0.390178378,168.09,5.0786,0.403
0.003290014805066623,0.371670364,168.09,5.0786,0.381
0.003281378178835111,0.351902171,168.09,5.0786,0.359
0.003272786777941417,0.333491238,168.09,5.0786,0.339
0.0032653061224489797,0.318406507,168.09,5.0786,0.32
0.0032567985670086306,0.302246296,168.09,5.0786,0.303
0.0032483352281955495,0.287148652,168.09,5.0786,0.288
0.0032399157621901833,0.273029231,168.09,5.0786,0.273
0.003232584451268789,0.261416819,168.09,5.0786,0.259
0.003224246332419797,0.24893069,168.09,5.0786,0.246
0.0032159511175430134,0.237220864,168.09,5.0786,0.234
0.0032087277394513077,0.227565528,168.09,5.0786,0.223
0.0032005120819331096,0.217157866,168.09,5.0786,0.212
0.0031923383878691143,0.207371957,168.09,5.0786,0.199
0.0031852205765249245,0.199283823,168.09,5.0786,0.188
0.003177124702144559,0.190545325,168.09,5.0786,0.182
0.0031690698779908094,0.182309068,168.09,5.0786,0.175
0.0031620553359683794,0.175486707,168.09,5.0786,0.167
0.0031540766440624505,0.168099913,168.09,5.0786,0.16
0.0031461381154632684,0.161122055,168.09,5.0786,0.152
0.0031382394476698575,0.154525592,168.09,5.0786,0.145
0.003131360576170346,0.149046552,168.09,5.0786,0.14
0.003123535842573794,0.143098364,168.09,5.0786,0.133
0.0031157501168406296,0.137463795,168.09,5.0786,0.128
0.00310896937665164,0.132774926,168.09,5.0786,0.122
0.0031012560086835167,0.127675246,168.09,5.0786,0.118
0.0030935808197989174,0.122835204,168.09,5.0786,0.112
0.003412386964681795,0.663554578,207.24,5.7679,0.664
0.0034030968181044748,0.620353136,207.24,5.7679,0.634
0.0033938571186153065,0.580730792,207.24,5.7679,0.595
0.0033846674564224064,0.544333091,207.24,5.7679,0.561
0.0033755274261603376,0.510846078,207.24,5.7679,0.527
0.0033664366268305,0.479991085,207.24,5.7679,0.492
0.0033585222502099076,0.454956517,207.24,5.7679,0.462
0.0033495226930162453,0.428389803,207.24,5.7679,0.433
0.003340571237681643,0.40381261,207.24,5.7679,0.406
0.003331667499583542,0.381046057,207.24,5.7679,0.382
0.003323915572544457,0.362484209,207.24,5.7679,0.361
0.003315100281783524,0.342693597,207.24,5.7679,0.34
0.003306331625061994,0.324295629,207.24,5.7679,0.32
0.0032976092333058533,0.307172325,207.24,5.7679,0.302
0.003290014805066623,0.293151162,207.24,5.7679,0.286
0.003281378178835111,0.278139227,207.24,5.7679,0.271
0.003272786777941417,0.264122961,207.24,5.7679,0.256
0.0032653061224489797,0.252612639,207.24,5.7679,0.243
0.0032567985670086306,0.240254259,207.24,5.7679,0.229
0.0032483352281955495,0.228681747,207.24,5.7679,0.218
0.0032399157621901833,0.217834672,207.24,5.7679,0.206
0.003232584451268789,0.208895188,207.24,5.7679,0.195
0.003224246332419797,0.199263826,207.24,5.7679,0.186
0.0032159511175430134,0.190212407,207.24,5.7679,0.177
0.0032087277394513077,0.182734782,207.24,5.7679,0.17
0.0032005120819331096,0.174659499,207.24,5.7679,0.162
0.0031923383878691143,0.167051883,207.24,5.7679,0.154
0.0031852205765249245,0.160752931,207.24,5.7679,0.146
0.003177124702144559,0.153935673,207.24,5.7679,0.14
0.0031690698779908094,0.147498597,207.24,5.7679,0.134
0.0031620553359683794,0.142157699,207.24,5.7679,0.128
0.0031540766440624505,0.136365564,207.24,5.7679,0.123
0.0031461381154632684,0.130884824,207.24,5.7679,0.118
0.0031382394476698575,0.125695082,207.24,5.7679,0.112
0.003131360576170346,0.121377922,207.24,5.7679,0.108
0.003123535842573794,0.116684153,207.24,5.7679,0.103
0.0031157501168406296,0.112230971,207.24,5.7679,0.099
0.00310896937665164,0.108519929,207.24,5.7679,0.094
0.0031012560086835167,0.10447813,207.24,5.7679,0.091
0.0030935808197989174,0.100636527,207.24,5.7679,0.088
0.003412386964681795,0.342704318,236.27,3.542,0.341
0.0034030968181044748,0.32586683,236.27,3.542,0.326
0.0033938571186153065,0.310107772,236.27,3.542,0.312
0.0033846674564224064,0.295343516,236.27,3.542,0.299
0.0033755274261603376,0.281497978,236.27,3.542,0.285
0.0033664366268305,0.268501853,236.27,3.542,0.272
0.0033573946617424877,0.256291923,236.27,3.542,0.259
0.0033495226930162453,0.24620765,236.27,3.542,0.249
0.003340571237681643,0.235320124,236.27,3.542,0.239
0.003331667499583542,0.225065751,236.27,3.542,0.228
0.003323915572544457,0.216577265,236.27,3.542,0.22
0.003315100281783524,0.20739228,236.27,3.542,0.212
0.003306331625061994,0.198721401,236.27,3.542,0.203
0.0032976092333058533,0.190529573,236.27,3.542,0.195
0.003290014805066623,0.183729266,236.27,3.542,0.189
0.003281378178835111,0.176350699,236.27,3.542,0.181
0.003272786777941417,0.169365093,236.27,3.542,0.174
0.0032653061224489797,0.163554899,236.27,3.542,0.168
0.0032567985670086306,0.157238747,236.27,3.542,0.162
0.0032483352281955495,0.151247194,236.27,3.542,0.156
0.0032399157621901833,0.145559834,236.27,3.542,0.15
0.003232584451268789,0.140818034,236.27,3.542,0.145
0.003224246332419797,0.135651177,236.27,3.542,0.139
0.0032159511175430134,0.130737791,236.27,3.542,0.134
0.0032087277394513077,0.126634494,236.27,3.542,0.13
0.0032005120819331096,0.122156129,236.27,3.542,0.125
0.0031923383878691143,0.117890242,236.27,3.542,0.12
0.0031852205765249245,0.114322137,236.27,3.542,0.117
0.003177124702144559,0.11042195,236.27,3.542,0.112
0.0031690698779908094,0.106700884,236.27,3.542,0.108
0.0031620553359683794,0.103583917,236.27,3.542,0.105
0.0031540766440624505,0.100171964,236.27,3.542,0.101
0.0031461381154632684,0.096911817,236.27,3.542,0.097
0.0031382394476698575,0.093795158,236.27,3.542,0.094
0.003131360576170346,0.091179653,236.27,3.542,0.091
0.003123535842573794,0.088311446,236.27,3.542,0.088
0.0031157501168406296,0.085565661,236.27,3.542,0.085
0.00310896937665164,0.083258444,236.27,3.542,0.082
0.0031012560086835167,0.080725134,236.27,3.542,0.079
0.0030935808197989174,0.078296762,236.27,3.542,0.077
0.003411222923418046,0.220820766,207.0,4.7626,0.222
0.0034030968181044748,0.211763008,207.0,4.7626,0.213
0.0033938571186153065,0.20200639,207.0,4.7626,0.204
0.0033846674564224064,0.192839297,207.0,4.7626,0.194
0.0033755274261603376,0.184218471,207.0,4.7626,0.187
0.0033664366268305,0.176104357,207.0,4.7626,0.179
0.0033573946617424877,0.168460742,207.0,4.7626,0.17
0.0033495226930162453,0.162132371,207.0,4.7626,0.161
0.003340571237681643,0.15528363,207.0,4.7626,0.155
0.003331667499583542,0.148817123,207.0,4.7626,0.148
0.003322811098189068,0.142706849,207.0,4.7626,0.143
0.003315100281783524,0.13763372,207.0,4.7626,0.138
0.003306331625061994,0.132128357,207.0,4.7626,0.132
0.0032976092333058533,0.126915352,207.0,4.7626,0.127
0.003290014805066623,0.122578851,207.0,4.7626,0.123
0.003281378178835111,0.11786403,207.0,4.7626,0.118
0.003272786777941417,0.113390822,207.0,4.7626,0.113
0.0032653061224489797,0.109663021,207.0,4.7626,0.109
0.0032567985670086306,0.105602872,207.0,4.7626,0.105
0.0032483352281955495,0.1017437,207.0,4.7626,0.101
0.0032399157621901833,0.098073311,207.0,4.7626,0.097
0.003232584451268789,0.095007657,207.0,4.7626,0.094
0.003224246332419797,0.091661335,207.0,4.7626,0.091
0.0032159511175430134,0.08847333,207.0,4.7626,0.087
0.0032087277394513077,0.085806447,207.0,4.7626,0.084
0.0032005120819331096,0.082890982,207.0,4.7626,0.081
0.0031923383878691143,0.080109036,207.0,4.7626,0.078
0.0031852205765249245,0.077778432,207.0,4.7626,0.076
0.003177124702144559,0.075226946,207.0,4.7626,0.073
0.0031690698779908094,0.072788662,207.0,4.7626,0.07
0.0031620553359683794,0.070743149,207.0,4.7626,0.068
0.0031540766440624505,0.068500749,207.0,4.7626,0.066
0.0031461381154632684,0.066354808,207.0,4.7626,0.063
0.003139224611520954,0.064552201,207.0,4.7626,0.061
0.003131360576170346,0.062573567,207.0,4.7626,0.059
0.003123535842573794,0.060677514,207.0,4.7626,0.057
0.0031157501168406296,0.05885978,207.0,4.7626,0.055
0.00310896937665164,0.057330359,207.0,4.7626,0.054
0.0031012560086835167,0.055648881,207.0,4.7626,0.052
0.0030935808197989174,0.054034858,207.0,4.7626,0.05
0.003412386964681795,0.17838582,193.22,5.9831,0.179
0.0034030968181044748,0.170261579,193.22,5.9831,0.171
0.0033938571186153065,0.162623245,193.22,5.9831,0.164
0.0033846674564224064,0.155435505,193.22,5.9831,0.157
0.0033755274261603376,0.148666036,193.22,5.9831,0.149
0.0033664366268305,0.142285226,193.22,5.9831,0.143
0.0033573946617424877,0.136265905,193.22,5.9831,0.137
0.0033495226930162453,0.131275872,193.22,5.9831,0.132
0.003340571237681643,0.125868688,193.22,5.9831,0.126
0.003331667499583542,0.120756544,193.22,5.9831,0.121
0.003323915572544457,0.116509961,193.22,5.9831,0.117
0.003315100281783524,0.111899271,193.22,5.9831,0.112
0.003306331625061994,0.107531156,193.22,5.9831,0.108
0.0032976092333058533,0.103390014,193.22,5.9831,0.104
0.003290014805066623,0.099941335,193.22,5.9831,0.1
0.003281378178835111,0.09618773,193.22,5.9831,0.096
0.003272786777941417,0.092622445,193.22,5.9831,0.093
0.0032653061224489797,0.089648182,193.22,5.9831,0.089
0.0032567985670086306,0.086405454,193.22,5.9831,0.086
0.0032483352281955495,0.083319961,193.22,5.9831,0.083
0.0032399157621901833,0.080382344,193.22,5.9831,0.08
0.003232584451268789,0.077926378,193.22,5.9831,0.077
0.003224246332419797,0.075243047,193.22,5.9831,0.074
0.0032159511175430134,0.072684157,193.22,5.9831,0.071
0.0032087277394513077,0.070541616,193.22,5.9831,0.069
0.0032005120819331096,0.068197294,193.22,5.9831,0.066
0.0031923383878691143,0.06595826,193.22,5.9831,0.064
0.0031852205765249245,0.064080885,193.22,5.9831,0.062
0.003177124702144559,0.062023864,193.22,5.9831,0.06
0.0031690698779908094,0.060056384,193.22,5.9831,0.058
0.0031620553359683794,0.058404501,193.22,5.9831,0.056
0.0031540766440624505,0.056592187,193.22,5.9831,0.054
0.0031461381154632684,0.054856391,193.22,5.9831,0.052
0.0031382394476698575,0.053193121,193.22,5.9831,0.05
0.003131360576170346,0.051794302,193.22,5.9831,0.048
0.003123535842573794,0.0502571,193.22,5.9831,0.047
0.0031157501168406296,0.048782256,193.22,5.9831,0.045
0.00310896937665164,0.047540453,193.22,5.9831,0.044
0.0031012560086835167,0.046174233,193.22,5.9831,0.042
0.0030935808197989174,0.044861858,193.22,5.9831,0.041
0.003412386964681795,0.156945753,184.61,7.2036,0.158
0.0034030968181044748,0.149905085,184.61,7.2036,0.151
0.0033938571186153065,0.143279834,184.61,7.2036,0.144
0.0033846674564224064,0.137040192,184.61,7.2036,0.138
0.0033755274261603376,0.131158851,184.61,7.2036,0.132
0.0033664366268305,0.125610757,184.61,7.2036,0.126
0.0033573946617424877,0.120372906,184.61,7.2036,0.12
0.0033495226930162453,0.116027614,184.61,7.2036,0.116
0.003340571237681643,0.111315793,184.61,7.2036,0.111
0.003331667499583542,0.106857831,184.61,7.2036,0.107
0.003323915572544457,0.103152195,184.61,7.2036,0.103
0.003315100281783524,0.099126214,184.61,7.2036,0.099
0.003306331625061994,0.095309449,184.61,7.2036,0.095
0.0032976092333058533,0.091688599,184.61,7.2036,0.091
0.003290014805066623,0.088671367,184.61,7.2036,0.088
0.003281378178835111,0.085385395,184.61,7.2036,0.085
0.003272786777941417,0.08226233,184.61,7.2036,0.082
0.0032653061224489797,0.079655482,184.61,7.2036,0.079
0.0032567985670086306,0.076811736,184.61,7.2036,0.076
0.0032483352281955495,0.074104288,184.61,7.2036,0.073
0.0032399157621901833,0.071525112,184.61,7.2036,0.07
0.003232584451268789,0.069367675,184.61,7.2036,0.068
0.003224246332419797,0.067009287,184.61,7.2036,0.065
0.0032159511175430134,0.064759049,184.61,7.2036,0.063
0.0032087277394513077,0.062873997,184.61,7.2036,0.061
0.0032005120819331096,0.060810405,184.61,7.2036,0.059
0.0031923383878691143,0.058838481,184.61,7.2036,0.056
0.0031852205765249245,0.05718429,184.61,7.2036,0.055
0.003177124702144559,0.05537097,184.61,7.2036,0.053
0.0031690698779908094,0.05363574,184.61,7.2036,0.051
0.0031620553359683794,0.052178201,184.61,7.2036,0.049
0.0031540766440624505,0.050578405,184.61,7.2036,0.047
0.0031461381154632684,0.049045448,184.61,7.2036,0.046
0.0031382394476698575,0.047575879,184.61,7.2036,0.044
0.003131360576170346,0.046339449,184.61,7.2036,0.043
0.003123535842573794,0.044980145,184.61,7.2036,0.041
0.0031157501168406296,0.043675423,184.61,7.2036,0.04
0.00310896937665164,0.042576426,184.61,7.2036,0.039
0.0031012560086835167,0.041366852,184.61,7.2036,0.037
0.0030935808197989174,0.040204474,184.61,7.2036,0.036
0.003412386964681795,0.140679542,177.72,8.4242,0.142
0.0034030968181044748,0.134454138,177.72,8.4242,0.136
0.0033938571186153065,0.128591569,177.72,8.4242,0.13
0.0033846674564224064,0.123066101,177.72,8.4242,0.124
0.0033755274261603376,0.117854133,177.72,8.4242,0.119
0.0033664366268305,0.112933993,177.72,8.4242,0.114
0.0033585222502099076,0.108852559,177.72,8.4242,0.109
0.0033495226930162453,0.104427156,177.72,8.4242,0.105
0.003340571237681643,0.100240479,177.72,8.4242,0.101
0.003331667499583542,0.096276799,177.72,8.4242,0.097
0.003323915572544457,0.092980069,177.72,8.4242,0.093
0.003315100281783524,0.08939626,177.72,8.4242,0.089
0.003306331625061994,0.085996625,177.72,8.4242,0.086
0.0032976092333058533,0.082769576,177.72,8.4242,0.083
0.003290014805066623,0.080079027,177.72,8.4242,0.08
0.003281378178835111,0.077147271,177.72,8.4242,0.077
0.003272786777941417,0.074359306,177.72,8.4242,0.074
0.0032653061224489797,0.072030972,177.72,8.4242,0.071
0.0032567985670086306,0.069489776,177.72,8.4242,0.069
0.0032483352281955495,0.067069104,177.72,8.4242,0.066
0.0032399157621901833,0.064761931,177.72,8.4242,0.063
0.003232584451268789,0.062831104,177.72,8.4242,0.061
0.003224246332419797,0.060719455,177.72,8.4242,0.059
0.0032159511175430134,0.058703661,177.72,8.4242,0.057
0.0032087277394513077,0.057014251,177.72,8.4242,0.055
0.0032005120819331096,0.055164019,177.72,8.4242,0.053
0.0031923383878691143,0.053395166,177.72,8.4242,0.051
0.0031852205765249245,0.051910698,177.72,8.4242,0.049
0.003177124702144559,0.050282752,177.72,8.4242,0.048
0.0031690698779908094,0.048724236,177.72,8.4242,0.046
0.0031620553359683794,0.047414607,177.72,8.4242,0.044
0.0031540766440624505,0.045976591,177.72,8.4242,0.043
0.0031461381154632684,0.044598088,177.72,8.4242,0.041
0.0031382394476698575,0.043276051,177.72,8.4242,0.04
0.003131360576170346,0.042163332,177.72,8.4242,0.039
0.003123535842573794,0.040939586,177.72,8.4242,0.037
0.0031157501168406296,0.039764527,177.72,8.4242,0.036
0.00310896937665164,0.038774398,177.72,8.4242,0.035
0.0031012560086835167,0.037684266,177.72,8.4242,0.034
0.0030935808197989174,0.036636286,177.72,8.4242,0.033
