,DES,T/K,V/cP,MCI,Avg Molar, omega
0,DES2,293.15,0.0489,0.051962004,87.66,1.7208
1,DES2,293.85,0.0479,0.050127309,87.66,1.7208
2,DES2,294.65,0.0459,0.048135913,87.66,1.7208
3,DES2,295.45,0.0439,0.046249881,87.66,1.7208
4,DES2,296.25,0.0429,0.044462394,87.66,1.7208
5,DES2,297.05,0.0409,0.042767148,87.66,1.7208
6,DES2,297.85,0.0399,0.041158313,87.66,1.7208
7,DES2,298.55,0.0379,0.039817213,87.66,1.7208
8,DES2,299.35,0.0369,0.038356162,87.66,1.7208
9,DES2,300.15,0.0359,0.036967042,87.66,1.7208
10,DES2,300.95,0.0349,0.035645507,87.66,1.7208
11,DES2,301.65,0.0339,0.034541422,87.66,1.7208
12,DES2,302.45,0.0329,0.033335944,87.66,1.7208
13,DES2,303.25,0.0319,0.032187185,87.66,1.7208
14,DES2,303.95,0.0309,0.031225961,87.66,1.7208
15,DES2,304.75,0.0299,0.030174876,87.66,1.7208
16,DES2,305.55,0.0289,0.029171658,87.66,1.7208
17,DES2,306.25,0.0279,0.028330993,87.66,1.7208
18,DES2,307.05,0.0279,0.027410426,87.66,1.7208
19,DES2,307.85,0.0269,0.026530471,87.66,1.7208
20,DES2,308.65,0.0259,0.025688916,87.66,1.7208
21,DES2,309.35,0.0259,0.024982426,87.66,1.7208
22,DES2,310.15,0.0249,0.024207398,87.66,1.7208
23,DES2,310.95,0.0239,0.023465167,87.66,1.7208
24,DES2,311.65,0.0239,0.022841267,87.66,1.7208
25,DES2,312.45,0.0229,0.022155988,87.66,1.7208
26,DES2,313.25,0.0229,0.021498851,87.66,1.7208
27,DES2,313.95,0.0219,0.020945813,87.66,1.7208
28,DES2,314.75,0.0219,0.020337651,87.66,1.7208
29,DES2,315.55,0.0209,0.019753742,87.66,1.7208
30,DES2,316.25,0.0209,0.019261772,87.66,1.7208
31,DES2,317.05,0.0199,0.018720158,87.66,1.7208
32,DES2,317.85,0.0199,0.018199533,87.66,1.7208
33,DES2,318.65,0.0189,0.017698887,87.66,1.7208
34,DES2,319.35,0.0189,0.017276459,87.66,1.7208
35,DES2,320.15,0.0189,0.016810746,87.66,1.7208
36,DES2,320.95,0.0184,0.016362413,87.66,1.7208
37,DES2,321.65,0.0179,0.015983744,87.66,1.7208
38,DES2,322.45,0.0174,0.015565859,87.66,1.7208
39,DES2,323.25,0.0169,0.01516315,87.66,1.7208
40,DES3,293.05,0.0459,0.048146612,81.46,2.1223
41,DES3,293.85,0.0449,0.046225785,81.46,2.1223
42,DES3,294.65,0.0429,0.044406999,81.46,2.1223
43,DES3,295.45,0.0419,0.042683622,81.46,2.1223
44,DES3,296.25,0.0399,0.041049529,81.46,2.1223
45,DES3,297.05,0.0389,0.039499056,81.46,2.1223
46,DES3,297.85,0.0379,0.038026957,81.46,2.1223
47,DES3,298.55,0.0359,0.036799336,81.46,2.1223
48,DES3,299.35,0.0349,0.035461377,81.46,2.1223
49,DES3,300.15,0.0339,0.034188756,81.46,2.1223
50,DES3,300.95,0.0329,0.032977555,81.46,2.1223
51,DES3,301.65,0.0319,0.031965267,81.46,2.1223
52,DES3,302.45,0.0309,0.030859608,81.46,2.1223
53,DES3,303.25,0.0299,0.029805564,81.46,2.1223
54,DES3,303.95,0.0299,0.028923279,81.46,2.1223
55,DES3,304.75,0.0289,0.027958177,81.46,2.1223
56,DES3,305.55,0.0279,0.02703669,81.46,2.1223
57,DES3,306.25,0.0269,0.026264253,81.46,2.1223
58,DES3,307.05,0.0269,0.025418121,81.46,2.1223
59,DES3,307.85,0.0259,0.024609038,81.46,2.1223
60,DES3,308.65,0.0249,0.023835001,81.46,2.1223
61,DES3,309.35,0.0249,0.02318499,81.46,2.1223
62,DES3,310.15,0.0239,0.022471701,81.46,2.1223
63,DES3,310.95,0.0229,0.021788379,81.46,2.1223
64,DES3,311.65,0.0229,0.021213826,81.46,2.1223
65,DES3,312.45,0.0229,0.020582566,81.46,2.1223
66,DES3,313.25,0.0219,0.019977045,81.46,2.1223
67,DES3,313.95,0.0219,0.019467305,81.46,2.1223
68,DES3,314.75,0.0209,0.018906601,81.46,2.1223
69,DES3,315.55,0.0209,0.018368102,81.46,2.1223
70,DES3,316.25,0.0199,0.017914271,81.46,2.1223
71,DES3,317.05,0.0199,0.017414515,81.46,2.1223
72,DES3,317.85,0.0189,0.016933994,81.46,2.1223
73,DES3,318.65,0.0189,0.016471787,81.46,2.1223
74,DES3,319.35,0.0189,0.016081696,81.46,2.1223
75,DES3,320.15,0.0179,0.015651528,81.46,2.1223
76,DES3,320.95,0.0179,0.015237307,81.46,2.1223
77,DES3,321.65,0.0169,0.014887366,81.46,2.1223
78,DES3,322.45,0.0169,0.014501094,81.46,2.1223
79,DES3,323.25,0.0169,0.01412876,81.46,2.1223
80,DES4,293.05,0.0329,0.034181572,77.58,2.5238
81,DES4,293.85,0.0319,0.032906871,77.58,2.5238
82,DES4,294.65,0.0309,0.03169595,77.58,2.5238
83,DES4,295.45,0.0299,0.030544893,77.58,2.5238
84,DES4,296.25,0.0289,0.029450063,77.58,2.5238
85,DES4,297.05,0.0279,0.028408087,77.58,2.5238
86,DES4,297.85,0.0269,0.027415826,77.58,2.5238
87,DES4,298.55,0.0269,0.026586081,77.58,2.5238
88,DES4,299.35,0.0259,0.025679329,77.58,2.5238
89,DES4,300.15,0.0249,0.024814431,77.58,2.5238
90,DES4,300.95,0.0239,0.023989008,77.58,2.5238
91,DES4,301.65,0.0239,0.023297394,77.58,2.5238
92,DES4,302.45,0.0229,0.022540113,77.58,2.5238
93,DES4,303.25,0.0219,0.021816307,77.58,2.5238
94,DES4,303.95,0.0219,0.021208997,77.58,2.5238
95,DES4,304.75,0.0209,0.020543124,77.58,2.5238
96,DES4,305.55,0.0209,0.019905781,77.58,2.5238
97,DES4,306.25,0.0199,0.019370319,77.58,2.5238
98,DES4,307.05,0.0199,0.018782471,77.58,2.5238
99,DES4,307.85,0.0189,0.018219055,77.58,2.5238
100,DES4,308.65,0.0189,0.017678814,77.58,2.5238
101,DES4,309.35,0.0179,0.017224183,77.58,2.5238
102,DES4,310.15,0.0179,0.016724265,77.58,2.5238
103,DES4,310.95,0.0169,0.016244313,77.58,2.5238
104,DES4,311.65,0.0169,0.015839953,77.58,2.5238
105,DES4,312.45,0.0169,0.015394814,77.58,2.5238
106,DES4,313.25,0.0159,0.014966948,77.58,2.5238
107,DES4,313.95,0.0159,0.014606078,77.58,2.5238
108,DES4,314.75,0.0159,0.014208389,77.58,2.5238
109,DES4,315.55,0.0149,0.013825704,77.58,2.5238
110,DES4,316.25,0.0149,0.013502606,77.58,2.5238
111,DES4,317.05,0.0149,0.013146182,77.58,2.5238
112,DES4,317.85,0.0139,0.012802838,77.58,2.5238
113,DES4,318.65,0.0139,0.012471977,77.58,2.5238
114,DES4,319.35,0.0139,0.012192266,77.58,2.5238
115,DES4,320.15,0.0139,0.011883306,77.58,2.5238
116,DES4,320.95,0.0129,0.011585281,77.58,2.5238
117,DES4,321.65,0.0129,0.011333099,77.58,2.5238
118,DES4,322.45,0.0129,0.011054294,77.58,2.5238
119,DES4,323.25,0.0129,0.0107851,77.58,2.5238
120,DES5,293.05,0.0279,0.0287167,74.48,2.9253
121,DES5,293.85,0.0269,0.02768059,74.48,2.9253
122,DES5,294.65,0.0259,0.026694832,74.48,2.9253
123,DES5,295.45,0.0249,0.025756418,74.48,2.9253
124,DES5,296.25,0.0239,0.02486255,74.48,2.9253
125,DES5,297.05,0.0239,0.024010624,74.48,2.9253
126,DES5,297.85,0.0229,0.023198217,74.48,2.9253
127,DES5,298.55,0.0219,0.022517998,74.48,2.9253
128,DES5,299.35,0.0209,0.021773718,74.48,2.9253
129,DES5,300.15,0.0209,0.021062861,74.48,2.9253
130,DES5,300.95,0.0199,0.020383574,74.48,2.9253
131,DES5,301.65,0.0199,0.019813732,74.48,2.9253
132,DES5,302.45,0.0189,0.01918906,74.48,2.9253
133,DES5,303.25,0.0189,0.018591275,74.48,2.9253
134,DES5,303.95,0.0179,0.018089141,74.48,2.9253
135,DES5,304.75,0.0179,0.01753798,74.48,2.9253
136,DES5,305.55,0.0169,0.017009828,74.48,2.9253
137,DES5,306.25,0.0169,0.01656563,74.48,2.9253
138,DES5,307.05,0.0159,0.016077467,74.48,2.9253
139,DES5,307.85,0.0159,0.015609082,74.48,2.9253
140,DES5,308.65,0.0159,0.015159481,74.48,2.9253
141,DES5,309.35,0.0149,0.014780752,74.48,2.9253
142,DES5,310.15,0.0149,0.014363893,74.48,2.9253
143,DES5,310.95,0.0149,0.013963274,74.48,2.9253
144,DES5,311.65,0.0139,0.013625435,74.48,2.9253
145,DES5,312.45,0.0139,0.013253182,74.48,2.9253
146,DES5,313.25,0.0139,0.012895027,74.48,2.9253
147,DES5,313.95,0.0139,0.012592682,74.48,2.9253
148,DES5,314.75,0.0129,0.012259197,74.48,2.9253
149,DES5,315.55,0.0129,0.011937996,74.48,2.9253
150,DES5,316.25,0.0129,0.011666578,74.48,2.9253
151,DES5,317.05,0.0129,0.011366914,74.48,2.9253
152,DES5,317.85,0.0119,0.011077993,74.48,2.9253
153,DES5,318.65,0.0119,0.010799334,74.48,2.9253
154,DES5,319.35,0.0119,0.010563567,74.48,2.9253
155,DES5,320.15,0.0119,0.010302941,74.48,2.9253
156,DES5,320.95,0.0119,0.010051332,74.48,2.9253
157,DES5,321.65,0.0109,0.009838262,74.48,2.9253
158,DES5,322.45,0.0109,0.009602522,74.48,2.9253
159,DES5,323.25,0.0109,0.009374729,74.48,2.9253
160,DES6,293.05,0.458,0.466739557,115.87,1.607
161,DES6,294.45,0.434,0.417988903,115.87,1.607
162,DES6,294.95,0.422,0.402192952,115.87,1.607
163,DES6,295.65,0.403,0.38136125,115.87,1.607
164,DES6,296.35,0.385,0.361915931,115.87,1.607
165,DES6,297.05,0.366,0.343746025,115.87,1.607
166,DES6,297.85,0.347,0.324413434,115.87,1.607
167,DES6,298.55,0.332,0.308649329,115.87,1.607
168,DES6,299.35,0.317,0.291839568,115.87,1.607
169,DES6,300.15,0.301,0.276210635,115.87,1.607
170,DES6,300.85,0.287,0.263425191,115.87,1.607
171,DES6,301.65,0.275,0.249748799,115.87,1.607
172,DES6,302.45,0.263,0.236991597,115.87,1.607
173,DES6,303.15,0.252,0.226524289,115.87,1.607
174,DES6,303.95,0.24,0.215295187,115.87,1.607
175,DES6,304.75,0.23,0.204789291,115.87,1.607
176,DES6,305.45,0.221,0.196145494,115.87,1.607
177,DES6,306.25,0.213,0.186847862,115.87,1.607
178,DES6,307.05,0.204,0.178124877,115.87,1.607
179,DES6,307.75,0.195,0.170929744,115.87,1.607
180,DES6,308.55,0.186,0.163171237,115.87,1.607
181,DES6,309.35,0.179,0.155873519,115.87,1.607
182,DES6,310.05,0.173,0.149839832,115.87,1.607
183,DES6,310.85,0.166,0.143318794,115.87,1.607
184,DES6,311.65,0.16,0.137170388,115.87,1.607
185,DES6,312.45,0.154,0.131368733,115.87,1.607
186,DES6,313.15,0.149,0.126557984,115.87,1.607
187,DES6,313.95,0.144,0.121343886,115.87,1.607
188,DES6,314.75,0.139,0.116413158,115.87,1.607
189,DES6,315.45,0.134,0.112316439,115.87,1.607
190,DES6,316.25,0.13,0.107867608,115.87,1.607
191,DES6,317.05,0.126,0.10365202,115.87,1.607
192,DES6,317.75,0.122,0.100142955,115.87,1.607
193,DES6,318.55,0.118,0.096325361,115.87,1.607
194,DES6,319.35,0.114,0.092701044,115.87,1.607
195,DES6,320.15,0.11,0.089258046,115.87,1.607
196,DES6,320.85,0.107,0.086385419,115.87,1.607
197,DES6,321.65,0.103,0.083253118,115.87,1.607
198,DES6,322.45,0.1,0.080272335,115.87,1.607
199,DES6,323.15,0.098,0.077781367,115.87,1.607
200,DES7,293.05,0.445,0.449873378,107.78,2.2963
201,DES7,293.85,0.422,0.422138977,107.78,2.2963
202,DES7,294.65,0.399,0.39658977,107.78,2.2963
203,DES7,295.45,0.375,0.373019453,107.78,2.2963
204,DES7,296.25,0.353,0.351244228,107.78,2.2963
205,DES7,297.05,0.332,0.331100037,107.78,2.2963
206,DES7,297.75,0.314,0.314696107,107.78,2.2963
207,DES7,298.55,0.297,0.297226723,107.78,2.2963
208,DES7,299.35,0.281,0.281006327,107.78,2.2963
209,DES7,300.15,0.267,0.265927464,107.78,2.2963
210,DES7,300.85,0.252,0.253593583,107.78,2.2963
211,DES7,301.65,0.24,0.240401852,107.78,2.2963
212,DES7,302.45,0.227,0.228098317,107.78,2.2963
213,DES7,303.25,0.216,0.216610828,107.78,2.2963
214,DES7,303.95,0.205,0.207177162,107.78,2.2963
215,DES7,304.75,0.195,0.197048423,107.78,2.2963
216,DES7,305.55,0.185,0.187563736,107.78,2.2963
217,DES7,306.25,0.176,0.179753906,107.78,2.2963
218,DES7,307.05,0.169,0.171346798,107.78,2.2963
219,DES7,307.85,0.161,0.163452915,107.78,2.2963
220,DES7,308.65,0.154,0.156034292,107.78,2.2963
221,DES7,309.35,0.148,0.149905508,107.78,2.2963
222,DES7,310.15,0.141,0.143286807,107.78,2.2963
223,DES7,310.95,0.135,0.137051345,107.78,2.2963
224,DES7,311.65,0.129,0.131888446,107.78,2.2963
225,DES7,312.45,0.124,0.126300648,107.78,2.2963
226,DES7,313.25,0.119,0.121024393,107.78,2.2963
227,DES7,313.95,0.114,0.116646574,107.78,2.2963
228,DES7,314.75,0.109,0.111898813,107.78,2.2963
229,DES7,315.55,0.105,0.107406224,107.78,2.2963
230,DES7,316.25,0.101,0.103671355,107.78,2.2963
231,DES7,317.05,0.097,0.099613168,107.78,2.2963
232,DES7,317.85,0.093,0.095765456,107.78,2.2963
233,DES7,318.65,0.089,0.092114894,107.78,2.2963
234,DES7,319.35,0.086,0.089072652,107.78,2.2963
235,DES7,320.15,0.083,0.085759198,107.78,2.2963
236,DES7,320.95,0.081,0.082609794,107.78,2.2963
237,DES7,321.65,0.077,0.079980808,107.78,2.2963
238,DES7,322.45,0.074,0.077112769,107.78,2.2963
239,DES7,323.25,0.072,0.074382066,107.78,2.2963
240,DES8,293.05,0.366,0.368830109,103.98,2.9856
241,DES8,293.85,0.349,0.346909441,103.98,2.9856
242,DES8,294.65,0.328,0.326658817,103.98,2.9856
243,DES8,295.45,0.311,0.307925532,103.98,2.9856
244,DES8,296.25,0.293,0.290573034,103.98,2.9856
245,DES8,297.05,0.277,0.274478996,103.98,2.9856
246,DES8,297.75,0.262,0.261342465,103.98,2.9856
247,DES8,298.55,0.248,0.247320913,103.98,2.9856
248,DES8,299.35,0.234,0.23427112,103.98,2.9856
249,DES8,300.15,0.223,0.22211192,103.98,2.9856
250,DES8,300.85,0.211,0.212145383,103.98,2.9856
251,DES8,301.65,0.2,0.201463999,103.98,2.9856
252,DES8,302.45,0.188,0.191480746,103.98,2.9856
253,DES8,303.25,0.18,0.182140489,103.98,2.9856
254,DES8,303.95,0.172,0.174455742,103.98,2.9856
255,DES8,304.75,0.164,0.166189712,103.98,2.9856
256,DES8,305.55,0.156,0.158434569,103.98,2.9856
257,DES8,306.25,0.149,0.152037753,103.98,2.9856
258,DES8,307.05,0.143,0.145140057,103.98,2.9856
259,DES8,307.85,0.137,0.138652008,103.98,2.9856
260,DES8,308.65,0.131,0.132544082,103.98,2.9856
261,DES8,309.35,0.125,0.12749015,103.98,2.9856
262,DES8,310.15,0.12,0.122023832,103.98,2.9856
263,DES8,310.95,0.115,0.116865768,103.98,2.9856
264,DES8,311.65,0.11,0.112588662,103.98,2.9856
265,DES8,312.45,0.106,0.107952918,103.98,2.9856
266,DES8,313.25,0.101,0.103569079,103.98,2.9856
267,DES8,313.95,0.098,0.099926716,103.98,2.9856
268,DES8,314.75,0.094,0.095971262,103.98,2.9856
269,DES8,315.55,0.09,0.092223149,103.98,2.9856
270,DES8,316.25,0.087,0.089103183,103.98,2.9856
271,DES8,317.05,0.084,0.085708865,103.98,2.9856
272,DES8,317.85,0.08,0.08248636,103.98,2.9856
273,DES8,318.65,0.077,0.079425037,103.98,2.9856
274,DES8,319.35,0.075,0.076870829,103.98,2.9856
275,DES8,320.15,0.072,0.074085699,103.98,2.9856
276,DES8,320.95,0.07,0.071435259,103.98,2.9856
277,DES8,321.65,0.067,0.069220325,103.98,2.9856
278,DES8,322.45,0.065,0.066801357,103.98,2.9856
279,DES8,323.25,0.063,0.064217365,103.98,2.9856
280,DES9,293.05,0.316,0.317476502,101.61,3.6749
281,DES9,293.85,0.3,0.299134064,101.61,3.6749
282,DES9,294.65,0.284,0.282153315,101.61,3.6749
283,DES9,295.45,0.269,0.266412775,101.61,3.6749
284,DES9,296.25,0.255,0.251803514,101.61,3.6749
285,DES9,297.05,0.241,0.238227685,101.61,3.6749
286,DES9,297.85,0.229,0.225597253,101.61,3.6749
287,DES9,298.55,0.216,0.215258579,101.61,3.6749
288,DES9,299.35,0.206,0.204193015,101.61,3.6749
289,DES9,300.15,0.196,0.193864896,101.61,3.6749
290,DES9,300.85,0.185,0.185385937,101.61,3.6749
291,DES9,301.65,0.176,0.17628496,101.61,3.6749
292,DES9,302.45,0.168,0.16776531,101.61,3.6749
293,DES9,303.25,0.16,0.159782065,101.61,3.6749
294,DES9,303.95,0.154,0.153204515,101.61,3.6749
295,DES9,304.75,0.147,0.146119699,101.61,3.6749
296,DES9,305.55,0.141,0.139463235,101.61,3.6749
297,DES9,306.25,0.135,0.133965454,101.61,3.6749
298,DES9,307.05,0.129,0.128029613,101.61,3.6749
299,DES9,307.85,0.123,0.122438852,101.61,3.6749
300,DES9,308.65,0.118,0.1171688,101.61,3.6749
301,DES9,309.35,0.114,0.112802957,101.61,3.6749
302,DES9,310.15,0.109,0.108075388,101.61,3.6749
303,DES9,310.95,0.105,0.103609001,101.61,3.6749
304,DES9,311.65,0.101,0.099901316,101.61,3.6749
305,DES9,312.45,0.097,0.095878374,101.61,3.6749
306,DES9,313.25,0.093,0.092069723,101.61,3.6749
307,DES9,313.95,0.089,0.088901965,101.61,3.6749
308,DES9,314.75,0.086,0.085458412,101.61,3.6749
309,DES9,315.55,0.083,0.082191898,101.61,3.6749
310,DES9,316.25,0.08,0.079470162,101.61,3.6749
311,DES9,317.05,0.077,0.076506267,101.61,3.6749
312,DES9,317.85,0.074,0.073689588,101.61,3.6749
313,DES9,318.65,0.072,0.071011177,101.61,3.6749
314,DES9,319.35,0.069,0.068774442,101.61,3.6749
315,DES9,320.15,0.067,0.066333344,101.61,3.6749
316,DES9,320.95,0.065,0.064008161,101.61,3.6749
317,DES9,321.65,0.063,0.062063393,101.61,3.6749
318,DES9,322.45,0.06,0.059937719,101.61,3.6749
319,DES9,323.25,0.059,0.057909768,101.61,3.6749
320,DES10,293.05,0.265,0.265553797,99.7,4.3641
321,DES10,293.85,0.252,0.250736746,99.7,4.3641
322,DES10,294.65,0.238,0.236985161,99.7,4.3641
323,DES10,295.45,0.226,0.224206827,99.7,4.3641
324,DES10,296.25,0.215,0.21231878,99.7,4.3641
325,DES10,297.05,0.204,0.201246256,99.7,4.3641
326,DES10,297.85,0.193,0.19092178,99.7,4.3641
327,DES10,298.55,0.183,0.182453399,99.7,4.3641
328,DES10,299.35,0.175,0.173371664,99.7,4.3641
329,DES10,300.15,0.166,0.164877694,99.7,4.3641
330,DES10,300.95,0.159,0.156925486,99.7,4.3641
331,DES10,301.65,0.152,0.150378755,99.7,4.3641
332,DES10,302.45,0.146,0.143332615,99.7,4.3641
333,DES10,303.25,0.139,0.136717842,99.7,4.3641
334,DES10,303.95,0.134,0.131258535,99.7,4.3641
335,DES10,304.75,0.128,0.125368469,99.7,4.3641
336,DES10,305.55,0.123,0.119824974,99.7,4.3641
337,DES10,306.25,0.117,0.115239189,99.7,4.3641
338,DES10,307.05,0.113,0.110280388,99.7,4.3641
339,DES10,307.85,0.108,0.105602363,99.7,4.3641
340,DES10,308.65,0.105,0.101185773,99.7,4.3641
341,DES10,309.35,0.1,0.097521697,99.7,4.3641
342,DES10,310.15,0.096,0.093548471,99.7,4.3641
343,DES10,310.95,0.093,0.089789253,99.7,4.3641
344,DES10,311.65,0.089,0.086664413,99.7,4.3641
345,DES10,312.45,0.086,0.083269425,99.7,4.3641
346,DES10,313.25,0.083,0.080050867,99.7,4.3641
347,DES10,313.95,0.08,0.077370532,99.7,4.3641
348,DES10,314.75,0.077,0.074453252,99.7,4.3641
349,DES10,315.55,0.075,0.071682392,99.7,4.3641
350,DES10,316.25,0.072,0.069370915,99.7,4.3641
351,DES10,317.05,0.07,0.066850868,99.7,4.3641
352,DES10,317.85,0.067,0.064453093,99.7,4.3641
353,DES10,318.65,0.065,0.06217032,99.7,4.3641
354,DES10,319.35,0.062,0.060261903,99.7,4.3641
355,DES10,320.15,0.061,0.058176899,99.7,4.3641
356,DES10,320.95,0.059,0.056188681,99.7,4.3641
357,DES10,321.65,0.057,0.054524041,99.7,4.3641
358,DES10,322.45,0.055,0.052702719,99.7,4.3641
359,DES10,323.25,0.054,0.050963297,99.7,4.3641
360,DES11,293.05,0.096,0.099505588,144.91,2.1383
361,DES11,293.85,0.092,0.09523039,144.91,2.1383
362,DES11,294.65,0.088,0.091197846,144.91,2.1383
363,DES11,295.45,0.084,0.087391173,144.91,2.1383
364,DES11,296.25,0.081,0.083794943,144.91,2.1383
365,DES11,297.05,0.077,0.080394961,144.91,2.1383
366,DES11,297.75,0.074,0.077570657,144.91,2.1383
367,DES11,298.55,0.071,0.074504202,144.91,2.1383
368,DES11,299.35,0.069,0.07159908,144.91,2.1383
369,DES11,300.15,0.066,0.068844909,144.91,2.1383
370,DES11,300.85,0.064,0.066551273,144.91,2.1383
371,DES11,301.65,0.062,0.064054829,144.91,2.1383
372,DES11,302.45,0.059,0.061683621,144.91,2.1383
373,DES11,303.25,0.057,0.059429946,144.91,2.1383
374,DES11,303.95,0.055,0.057548765,144.91,2.1383
375,DES11,304.75,0.053,0.055496609,144.91,2.1383
376,DES11,305.55,0.051,0.053542785,144.91,2.1383
377,DES11,306.25,0.05,0.051909291,144.91,2.1383
378,DES11,307.05,0.048,0.050124552,144.91,2.1383
379,DES11,307.85,0.047,0.048422556,144.91,2.1383
380,DES11,308.65,0.045,0.046798583,144.91,2.1383
381,DES11,309.35,0.044,0.045438141,144.91,2.1383
382,DES11,310.15,0.043,0.043948822,144.91,2.1383
383,DES11,310.95,0.041,0.042525636,144.91,2.1383
384,DES11,311.65,0.04,0.041331745,144.91,2.1383
385,DES11,312.45,0.039,0.04002298,144.91,2.1383
386,DES11,313.25,0.038,0.038770553,144.91,2.1383
387,DES11,313.95,0.037,0.037718534,144.91,2.1383
388,DES11,314.75,0.036,0.036563814,144.91,2.1383
389,DES11,315.55,0.035,0.035457315,144.91,2.1383
390,DES11,316.25,0.034,0.034526723,144.91,2.1383
391,DES11,317.05,0.033,0.033504045,144.91,2.1383
392,DES11,317.85,0.032,0.032522828,144.91,2.1383
393,DES11,318.55,0.031,0.031696633,144.91,2.1383
394,DES11,319.35,0.03,0.03078764,144.91,2.1383
395,DES11,320.15,0.03,0.029914447,144.91,2.1383
396,DES11,320.95,0.029,0.029075305,144.91,2.1383
397,DES11,321.65,0.028,0.02836769,144.91,2.1383
398,DES11,322.45,0.027,0.027588026,144.91,2.1383
399,DES11,323.25,0.027,0.026837923,144.91,2.1383
400,DES12,293.05,0.101,0.102286454,146.7,3.3588
401,DES12,293.85,0.097,0.097876474,146.7,3.3588
402,DES12,294.65,0.093,0.09371758,146.7,3.3588
403,DES12,295.45,0.089,0.089792354,146.7,3.3588
404,DES12,296.25,0.085,0.086084788,146.7,3.3588
405,DES12,297.05,0.082,0.082580158,146.7,3.3588
406,DES12,297.75,0.078,0.079669392,146.7,3.3588
407,DES12,298.55,0.075,0.076509557,146.7,3.3588
408,DES12,299.35,0.072,0.073516457,146.7,3.3588
409,DES12,300.15,0.07,0.070679334,146.7,3.3588
410,DES12,300.85,0.067,0.068316964,146.7,3.3588
411,DES12,301.65,0.064,0.065746078,146.7,3.3588
412,DES12,302.45,0.062,0.063304527,146.7,3.3588
413,DES12,303.25,0.06,0.060984339,146.7,3.3588
414,DES12,303.95,0.058,0.059047899,146.7,3.3588
415,DES12,304.75,0.056,0.056935741,146.7,3.3588
416,DES12,305.55,0.054,0.054925068,146.7,3.3588
417,DES12,306.25,0.052,0.053244259,146.7,3.3588
418,DES12,307.05,0.051,0.051408052,146.7,3.3588
419,DES12,307.85,0.049,0.049657204,146.7,3.3588
420,DES12,308.65,0.047,0.047986832,146.7,3.3588
421,DES12,309.35,0.046,0.046587684,146.7,3.3588
422,DES12,310.15,0.044,0.045056169,146.7,3.3588
423,DES12,310.95,0.043,0.043592837,146.7,3.3588
424,DES12,311.65,0.042,0.042365404,146.7,3.3588
425,DES12,312.45,0.04,0.041020018,146.7,3.3588
426,DES12,313.25,0.039,0.039732693,146.7,3.3588
427,DES12,313.95,0.038,0.038651474,146.7,3.3588
428,DES12,314.75,0.037,0.037464825,146.7,3.3588
429,DES12,315.55,0.036,0.036327855,146.7,3.3588
430,DES12,316.25,0.035,0.03537173,146.7,3.3588
431,DES12,317.05,0.034,0.034321096,146.7,3.3588
432,DES12,317.85,0.033,0.03331316,146.7,3.3588
433,DES12,318.65,0.032,0.032345772,146.7,3.3588
434,DES12,319.35,0.031,0.031530978,146.7,3.3588
435,DES12,320.15,0.031,0.030634264,146.7,3.3588
436,DES12,320.95,0.03,0.0297726,146.7,3.3588
437,DES12,321.65,0.029,0.029046058,146.7,3.3588
438,DES12,322.45,0.028,0.028245609,146.7,3.3588
439,DES12,323.25,0.028,0.027475581,146.7,3.3588
440,DES13,293.05,0.107,0.107227881,147.54,4.5794
441,DES13,293.85,0.103,0.102563949,147.54,4.5794
442,DES13,294.65,0.098,0.098167668,147.54,4.5794
443,DES13,295.45,0.094,0.09402033,147.54,4.5794
444,DES13,296.25,0.09,0.090104757,147.54,4.5794
445,DES13,297.05,0.086,0.086405155,147.54,4.5794
446,DES13,297.75,0.083,0.083333712,147.54,4.5794
447,DES13,298.55,0.079,0.080000781,147.54,4.5794
448,DES13,299.35,0.076,0.076845036,147.54,4.5794
449,DES13,300.15,0.073,0.073854963,147.54,4.5794
450,DES13,300.85,0.07,0.071366169,147.54,4.5794
451,DES13,301.65,0.068,0.06865869,147.54,4.5794
452,DES13,302.45,0.065,0.066088403,147.54,4.5794
453,DES13,303.25,0.063,0.063646791,147.54,4.5794
454,DES13,303.95,0.061,0.061609711,147.54,4.5794
455,DES13,304.75,0.059,0.059388529,147.54,4.5794
456,DES13,305.55,0.057,0.057274814,147.54,4.5794
457,DES13,306.25,0.055,0.05550844,147.54,4.5794
458,DES13,307.05,0.053,0.053579371,147.54,4.5794
459,DES13,307.85,0.051,0.051740586,147.54,4.5794
460,DES13,308.65,0.05,0.04998689,147.54,4.5794
461,DES13,309.35,0.048,0.048518387,147.54,4.5794
462,DES13,310.15,0.047,0.046911428,147.54,4.5794
463,DES13,310.95,0.045,0.045376482,147.54,4.5794
464,DES13,311.65,0.044,0.044089344,147.54,4.5794
465,DES13,312.45,0.043,0.042678907,147.54,4.5794
466,DES13,313.25,0.042,0.04132973,147.54,4.5794
467,DES13,313.95,0.04,0.040196865,147.54,4.5794
468,DES13,314.75,0.039,0.038953861,147.54,4.5794
469,DES13,315.55,0.038,0.037763223,147.54,4.5794
470,DES13,316.25,0.037,0.036762222,147.54,4.5794
471,DES13,317.05,0.036,0.035662548,147.54,4.5794
472,DES13,317.85,0.035,0.034607842,147.54,4.5794
473,DES13,318.65,0.034,0.033595825,147.54,4.5794
474,DES13,319.35,0.033,0.032743643,147.54,4.5794
475,DES13,320.15,0.033,0.031806,147.54,4.5794
476,DES13,320.95,0.032,0.030905227,147.54,4.5794
477,DES13,321.65,0.031,0.03014588,147.54,4.5794
478,DES13,322.45,0.03,0.029309474,147.54,4.5794
479,DES13,323.25,0.03,0.028505042,147.54,4.5794
480,DES14,293.05,0.109,0.108591543,148.07,5.7999
481,DES14,293.85,0.104,0.103858981,148.07,5.7999
482,DES14,294.65,0.1,0.099398489,148.07,5.7999
483,DES14,295.45,0.096,0.095191019,148.07,5.7999
484,DES14,296.25,0.092,0.091219083,148.07,5.7999
485,DES14,297.05,0.088,0.087466602,148.07,5.7999
486,DES14,297.85,0.084,0.083918783,148.07,5.7999
487,DES14,298.55,0.081,0.080971589,148.07,5.7999
488,DES14,299.35,0.078,0.07777162,148.07,5.7999
489,DES14,300.15,0.075,0.074739922,148.07,5.7999
490,DES14,300.95,0.072,0.071865675,148.07,5.7999
491,DES14,301.65,0.069,0.069471982,148.07,5.7999
492,DES14,302.45,0.067,0.066866571,148.07,5.7999
493,DES14,303.25,0.064,0.064391802,148.07,5.7999
494,DES14,303.95,0.062,0.062327219,148.07,5.7999
495,DES14,304.75,0.06,0.060076218,148.07,5.7999
496,DES14,305.55,0.058,0.057934296,148.07,5.7999
497,DES14,306.25,0.056,0.056144481,148.07,5.7999
498,DES14,307.05,0.055,0.05418995,148.07,5.7999
499,DES14,307.85,0.053,0.052327035,148.07,5.7999
500,DES14,308.65,0.051,0.050550454,148.07,5.7999
501,DES14,309.35,0.049,0.049062888,148.07,5.7999
502,DES14,310.15,0.047,0.047435176,148.07,5.7999
503,DES14,310.95,0.046,0.045880514,148.07,5.7999
504,DES14,311.65,0.045,0.044576927,148.07,5.7999
505,DES14,312.45,0.044,0.043148553,148.07,5.7999
506,DES14,313.25,0.042,0.041782307,148.07,5.7999
507,DES14,313.95,0.041,0.04063518,148.07,5.7999
508,DES14,314.75,0.04,0.039376601,148.07,5.7999
509,DES14,315.55,0.039,0.038171118,148.07,5.7999
510,DES14,316.25,0.038,0.037157694,148.07,5.7999
511,DES14,317.05,0.037,0.036044436,148.07,5.7999
512,DES14,317.85,0.036,0.034976762,148.07,5.7999
513,DES14,318.65,0.035,0.033952362,148.07,5.7999
514,DES14,319.35,0.034,0.033089799,148.07,5.7999
515,DES14,320.15,0.033,0.032140783,148.07,5.7999
516,DES14,320.95,0.032,0.031229135,148.07,5.7999
517,DES14,321.65,0.031,0.030460659,148.07,5.7999
518,DES14,322.45,0.031,0.029614239,148.07,5.7999
519,DES14,323.25,0.03,0.028800218,148.07,5.7999
520,DES15,293.05,0.114,0.113156557,148.49,7.0204
521,DES15,293.85,0.109,0.10818498,148.49,7.0204
522,DES15,294.65,0.105,0.103501297,148.49,7.0204
523,DES15,295.45,0.099,0.099085213,148.49,7.0204
524,DES15,296.25,0.095,0.094918106,148.49,7.0204
525,DES15,297.05,0.091,0.090982866,148.49,7.0204
526,DES15,297.75,0.087,0.087717334,148.49,7.0204
527,DES15,298.55,0.084,0.08417542,148.49,7.0204
528,DES15,299.35,0.081,0.080823413,148.49,7.0204
529,DES15,300.15,0.078,0.077648873,148.49,7.0204
530,DES15,300.85,0.075,0.075007677,148.49,7.0204
531,DES15,301.65,0.072,0.072135615,148.49,7.0204
532,DES15,302.45,0.069,0.069410285,148.49,7.0204
533,DES15,303.25,0.067,0.066822508,148.49,7.0204
534,DES15,303.95,0.064,0.064664336,148.49,7.0204
535,DES15,304.75,0.062,0.062312028,148.49,7.0204
536,DES15,305.55,0.06,0.060074439,148.49,7.0204
537,DES15,306.25,0.058,0.058205244,148.49,7.0204
538,DES15,307.05,0.057,0.056164627,148.49,7.0204
539,DES15,307.85,0.055,0.054220259,148.49,7.0204
540,DES15,308.65,0.053,0.052366558,148.49,7.0204
541,DES15,309.35,0.051,0.050814849,148.49,7.0204
542,DES15,310.15,0.049,0.04911741,148.49,7.0204
543,DES15,310.95,0.048,0.047496612,148.49,7.0204
544,DES15,311.65,0.047,0.046137925,148.49,7.0204
545,DES15,312.45,0.046,0.044649559,148.49,7.0204
546,DES15,313.25,0.044,0.043226314,148.49,7.0204
547,DES15,313.95,0.043,0.042031624,148.49,7.0204
548,DES15,314.75,0.041,0.04072118,148.49,7.0204
549,DES15,315.55,0.04,0.03946634,148.49,7.0204
550,DES15,316.25,0.039,0.03841167,148.49,7.0204
551,DES15,317.05,0.038,0.03725337,148.49,7.0204
552,DES15,317.85,0.037,0.036142767,148.49,7.0204
553,DES15,318.55,0.036,0.035208201,148.49,7.0204
554,DES15,319.35,0.035,0.034180594,148.49,7.0204
555,DES15,320.15,0.035,0.033194082,148.49,7.0204
556,DES15,320.95,0.034,0.032246627,148.49,7.0204
557,DES15,321.65,0.033,0.031448134,148.49,7.0204
558,DES15,322.45,0.032,0.030568833,148.49,7.0204
559,DES15,323.25,0.031,0.02972337,148.49,7.0204
560,DES17,293.05,0.1922,0.193097075,159.48,3.986
561,DES17,293.85,0.1834,0.183743036,159.48,3.986
562,DES17,294.65,0.1735,0.174980505,159.48,3.986
563,DES17,295.45,0.1658,0.166764166,159.48,3.986
564,DES17,296.25,0.157,0.159052743,159.48,3.986
565,DES17,297.05,0.1493,0.151808594,159.48,3.986
566,DES17,297.75,0.1405,0.14582618,159.48,3.986
567,DES17,298.55,0.1339,0.139367853,159.48,3.986
568,DES17,299.35,0.1273,0.1332857,159.48,3.986
569,DES17,300.15,0.1218,0.127553074,159.48,3.986
570,DES17,300.85,0.1163,0.122804483,159.48,3.986
571,DES17,301.65,0.1108,0.117662913,159.48,3.986
572,DES17,302.45,0.1053,0.112805831,159.48,3.986
573,DES17,303.25,0.1009,0.108214046,159.48,3.986
574,DES17,303.95,0.0965,0.104399932,159.48,3.986
575,DES17,304.75,0.0921,0.100259026,159.48,3.986
576,DES17,305.55,0.0877,0.096336216,159.48,3.986
577,DES17,306.25,0.0844,0.093071604,159.48,3.986
578,DES17,307.05,0.0811,0.089520729,159.48,3.986
579,DES17,307.85,0.0778,0.086150377,159.48,3.986
580,DES17,308.65,0.0745,0.082949315,159.48,3.986
581,DES17,309.35,0.0712,0.080279052,159.48,3.986
582,DES17,310.15,0.069,0.077367934,159.48,3.986
583,DES17,310.95,0.0657,0.074598143,159.48,3.986
584,DES17,311.65,0.0635,0.072283879,159.48,3.986
585,DES17,312.45,0.0613,0.069756857,159.48,3.986
586,DES17,313.25,0.0591,0.067348515,159.48,3.986
587,DES17,313.95,0.0569,0.065333175,159.48,3.986
588,DES17,314.75,0.0547,0.063129267,159.48,3.986
589,DES17,315.55,0.0525,0.061025574,159.48,3.986
590,DES17,316.25,0.0514,0.059262633,159.48,3.986
591,DES17,317.05,0.0492,0.05733202,159.48,3.986
592,DES17,317.85,0.0481,0.055486474,159.48,3.986
593,DES17,318.55,0.0459,0.053937764,159.48,3.986
594,DES17,319.35,0.0448,0.0522395,159.48,3.986
595,DES17,320.15,0.0437,0.050613801,159.48,3.986
596,DES17,320.95,0.0415,0.04905684,159.48,3.986
597,DES17,321.65,0.0404,0.047748058,159.48,3.986
598,DES17,322.45,0.0393,0.04631048,159.48,3.986
599,DES17,323.25,0.0382,0.044931904,159.48,3.986
600,DES18,293.05,0.1656,0.166047776,135.86,4.3875
601,DES18,293.85,0.159,0.158013768,135.86,4.3875
602,DES18,294.65,0.1502,0.150487242,135.86,4.3875
603,DES18,295.45,0.1425,0.143429357,135.86,4.3875
604,DES18,296.25,0.1348,0.136804735,135.86,4.3875
605,DES18,297.05,0.1282,0.130581108,135.86,4.3875
606,DES18,297.75,0.1216,0.125441148,135.86,4.3875
607,DES18,298.55,0.115,0.119891957,135.86,4.3875
608,DES18,299.35,0.1097,0.114665655,135.86,4.3875
609,DES18,300.15,0.1053,0.109739392,135.86,4.3875
610,DES18,300.85,0.0998,0.105658515,135.86,4.3875
611,DES18,301.65,0.0954,0.101239674,135.86,4.3875
612,DES18,302.45,0.091,0.09706509,135.86,4.3875
613,DES18,303.25,0.0866,0.093118303,135.86,4.3875
614,DES18,303.95,0.0833,0.089839779,135.86,4.3875
615,DES18,304.75,0.0789,0.086280172,135.86,4.3875
616,DES18,305.55,0.0756,0.082907868,135.86,4.3875
617,DES18,306.25,0.0723,0.080101258,135.86,4.3875
618,DES18,307.05,0.0701,0.0770484,135.86,4.3875
619,DES18,307.85,0.0668,0.074150603,135.86,4.3875
620,DES18,308.55,0.0635,0.071734634,135.86,4.3875
621,DES18,309.35,0.0613,0.069102147,135.86,4.3875
622,DES18,310.15,0.0591,0.066598854,135.86,4.3875
623,DES18,310.95,0.0569,0.064216981,135.86,4.3875
624,DES18,311.65,0.0547,0.062226752,135.86,4.3875
625,DES18,312.45,0.0525,0.060053467,135.86,4.3875
626,DES18,313.25,0.0503,0.05798216,135.86,4.3875
627,DES18,313.95,0.0492,0.056248788,135.86,4.3875
628,DES18,314.75,0.047,0.054353157,135.86,4.3875
629,DES18,315.55,0.0448,0.05254365,135.86,4.3875
630,DES18,316.35,0.0437,0.050815451,135.86,4.3875
631,DES18,317.05,0.0415,0.049366433,135.86,4.3875
632,DES18,317.85,0.0404,0.047778795,135.86,4.3875
633,DES18,318.55,0.0393,0.046446464,135.86,4.3875
634,DES18,319.35,0.0382,0.044985423,135.86,4.3875
635,DES18,320.15,0.0371,0.043586761,135.86,4.3875
636,DES18,320.95,0.036,0.042247189,135.86,4.3875
637,DES18,321.65,0.0349,0.041121107,135.86,4.3875
638,DES18,322.45,0.0338,0.039884169,135.86,4.3875
639,DES18,323.25,0.0327,0.038697958,135.86,4.3875
640,DES19,293.05,0.1695,0.169620842,121.1,4.789
641,DES19,293.85,0.1627,0.161223509,121.1,4.789
642,DES19,294.65,0.1546,0.153367739,121.1,4.789
643,DES19,295.45,0.1477,0.146011262,121.1,4.789
644,DES19,296.25,0.1396,0.139115644,121.1,4.789
645,DES19,297.05,0.1329,0.132645895,121.1,4.789
646,DES19,297.75,0.1274,0.127309067,121.1,4.789
647,DES19,298.55,0.1206,0.121554051,121.1,4.789
648,DES19,299.35,0.1152,0.116140488,121.1,4.789
649,DES19,300.15,0.1098,0.111043766,121.1,4.789
650,DES19,300.85,0.1057,0.106826273,121.1,4.789
651,DES19,301.65,0.1017,0.102264341,121.1,4.789
652,DES19,302.45,0.0962,0.097959342,121.1,4.789
653,DES19,303.25,0.0921,0.093893654,121.1,4.789
654,DES19,303.95,0.088,0.09051971,121.1,4.789
655,DES19,304.75,0.0854,0.086860046,121.1,4.789
656,DES19,305.55,0.0826,0.083396455,121.1,4.789
657,DES19,306.25,0.0786,0.080516547,121.1,4.789
658,DES19,307.05,0.0758,0.077386801,121.1,4.789
659,DES19,307.85,0.0732,0.074418837,121.1,4.789
660,DES19,308.65,0.0704,0.071602429,121.1,4.789
661,DES19,309.35,0.0677,0.069254936,121.1,4.789
662,DES19,310.15,0.065,0.066697722,121.1,4.789
663,DES19,310.95,0.0623,0.064266666,121.1,4.789
664,DES19,311.65,0.061,0.06223697,121.1,4.789
665,DES19,312.45,0.0582,0.060022326,121.1,4.789
666,DES19,313.25,0.0555,0.057913335,121.1,4.789
667,DES19,313.95,0.0542,0.056149761,121.1,4.789
668,DES19,314.75,0.0528,0.054222528,121.1,4.789
669,DES19,315.55,0.0514,0.05238428,121.1,4.789
670,DES19,316.25,0.0488,0.05084483,121.1,4.789
671,DES19,317.05,0.0473,0.049160081,121.1,4.789
672,DES19,317.85,0.046,0.047550684,121.1,4.789
673,DES19,318.65,0.0447,0.046012489,121.1,4.789
674,DES19,319.35,0.0433,0.044721918,121.1,4.789
675,DES19,320.15,0.042,0.043306962,121.1,4.789
676,DES19,320.95,0.0406,0.041952707,121.1,4.789
677,DES19,321.65,0.0392,0.040814997,121.1,4.789
678,DES19,322.45,0.0379,0.039566054,121.1,4.789
679,DES19,323.25,0.0379,0.038369104,121.1,4.789
680,DES20,293.05,0.1787,0.178537461,109.3,5.1905
681,DES20,293.85,0.1672,0.169472838,109.3,5.1905
682,DES20,294.65,0.1604,0.161006348,109.3,5.1905
683,DES20,295.45,0.1532,0.153090279,109.3,5.1905
684,DES20,296.25,0.1459,0.145681343,109.3,5.1905
685,DES20,297.05,0.1396,0.138740214,109.3,5.1905
686,DES20,297.75,0.1344,0.133022267,109.3,5.1905
687,DES20,298.55,0.1282,0.126864353,109.3,5.1905
688,DES20,299.35,0.1219,0.121079715,109.3,5.1905
689,DES20,300.15,0.1163,0.115640894,109.3,5.1905
690,DES20,300.85,0.1119,0.111145815,109.3,5.1905
691,DES20,301.65,0.1069,0.106289413,109.3,5.1905
692,DES20,302.45,0.1022,0.101712221,109.3,5.1905
693,DES20,303.25,0.098,0.09739471,109.3,5.1905
694,DES20,303.95,0.0944,0.093815773,109.3,5.1905
695,DES20,304.75,0.0905,0.089937969,109.3,5.1905
696,DES20,305.55,0.0868,0.086272082,109.3,5.1905
697,DES20,306.25,0.0836,0.083227141,109.3,5.1905
698,DES20,307.05,0.0802,0.079921404,109.3,5.1905
699,DES20,307.85,0.077,0.076789875,109.3,5.1905
700,DES20,308.65,0.0738,0.073821339,109.3,5.1905
701,DES20,309.35,0.0713,0.071349405,109.3,5.1905
702,DES20,310.15,0.0685,0.068659144,109.3,5.1905
703,DES20,310.95,0.0657,0.066104097,109.3,5.1905
704,DES20,311.65,0.0634,0.063972794,109.3,5.1905
705,DES20,312.45,0.0623,0.061649324,109.3,5.1905
706,DES20,313.25,0.0586,0.059438728,109.3,5.1905
707,DES20,313.95,0.0565,0.057591751,109.3,5.1905
708,DES20,314.75,0.0543,0.055575043,109.3,5.1905
709,DES20,315.55,0.0522,0.053653115,109.3,5.1905
710,DES20,316.25,0.0504,0.052044869,109.3,5.1905
711,DES20,317.05,0.0486,0.050286203,109.3,5.1905
712,DES20,317.85,0.0467,0.048607567,109.3,5.1905
713,DES20,318.55,0.0451,0.047200881,109.3,5.1905
714,DES20,319.35,0.0434,0.04566046,109.3,5.1905
715,DES20,320.15,0.0417,0.044187967,109.3,5.1905
716,DES20,320.95,0.0402,0.042779711,109.3,5.1905
717,DES20,321.65,0.0389,0.041597463,109.3,5.1905
718,DES20,322.45,0.0374,0.040300516,109.3,5.1905
719,DES20,323.25,0.036,0.039058453,109.3,5.1905
720,DES22,293.05,2.7767,2.773862891,179.6,4.5615
721,DES22,293.85,2.6153,2.546646253,179.6,4.5615
722,DES22,294.65,2.4947,2.34271622,179.6,4.5615
723,DES22,295.45,2.3481,2.159247637,179.6,4.5615
724,DES22,296.25,2.195,1.993808031,179.6,4.5615
725,DES22,297.05,2.041,1.844296446,179.6,4.5615
726,DES22,297.75,1.8944,1.725102859,179.6,4.5615
727,DES22,298.55,1.7543,1.600739179,179.6,4.5615
728,DES22,299.35,1.6281,1.487686467,179.6,4.5615
729,DES22,300.15,1.514,1.384720802,179.6,4.5615
730,DES22,300.85,1.4073,1.302054611,179.6,4.5615
731,DES22,301.65,1.3006,1.215217222,179.6,4.5615
732,DES22,302.45,1.2079,1.135724791,179.6,4.5615
733,DES22,303.25,1.1272,1.062835929,179.6,4.5615
734,DES22,303.95,1.0474,1.003958236,179.6,4.5615
735,DES22,304.75,0.9741,0.94174441,179.6,4.5615
736,DES22,305.55,0.9073,0.884444995,179.6,4.5615
737,DES22,306.25,0.8479,0.837972833,179.6,4.5615
738,DES22,307.05,0.7876,0.788675708,179.6,4.5615
739,DES22,307.85,0.7412,0.743089035,179.6,4.5615
740,DES22,308.65,0.6874,0.700877881,179.6,4.5615
741,DES22,309.35,0.6438,0.666475511,179.6,4.5615
742,DES22,310.15,0.6021,0.629809293,179.6,4.5615
743,DES22,310.95,0.5631,0.595736499,179.6,4.5615
744,DES22,311.65,0.5288,0.567876272,179.6,4.5615
745,DES22,312.45,0.4944,0.538088773,179.6,4.5615
746,DES22,313.25,0.4629,0.510317215,179.6,4.5615
747,DES22,313.95,0.4341,0.487541192,179.6,4.5615
748,DES22,314.75,0.4082,0.463118752,179.6,4.5615
749,DES22,315.55,0.385,0.440280277,179.6,4.5615
750,DES22,316.25,0.3608,0.421498195,179.6,4.5615
751,DES22,317.05,0.3414,0.401304335,179.6,4.5615
752,DES22,317.85,0.3182,0.382367421,179.6,4.5615
753,DES22,318.65,0.2996,0.364592851,179.6,4.5615
754,DES22,319.35,0.2829,0.349925538,179.6,4.5615
755,DES22,320.15,0.269,0.334103577,179.6,4.5615
756,DES22,320.95,0.2542,0.319215312,179.6,4.5615
757,DES22,321.65,0.2412,0.306901362,179.6,4.5615
758,DES22,322.45,0.2282,0.293588161,179.6,4.5615
759,DES22,323.25,0.2161,0.281031236,179.6,4.5615
760,DES23,293.05,1.855,1.855751887,158.39,5.2508
761,DES23,293.85,1.8019,1.711855053,158.39,5.2508
762,DES23,294.65,1.6957,1.581972413,158.39,5.2508
763,DES23,295.45,1.5885,1.464484572,158.39,5.2508
764,DES23,296.25,1.4812,1.357986881,158.39,5.2508
765,DES23,297.05,1.3825,1.261257485,158.39,5.2508
766,DES23,297.85,1.2826,1.173230617,158.39,5.2508
767,DES23,298.55,1.1988,1.10261025,158.39,5.2508
768,DES23,299.35,1.1149,1.028479075,158.39,5.2508
769,DES23,300.15,1.0384,0.960667684,158.39,5.2508
770,DES23,300.85,0.9705,0.906009639,158.39,5.2508
771,DES23,301.65,0.9089,0.848374647,158.39,5.2508
772,DES23,302.45,0.8484,0.795406482,158.39,5.2508
773,DES23,303.25,0.7868,0.746653277,158.39,5.2508
774,DES23,303.95,0.7379,0.707135156,158.39,5.2508
775,DES23,304.75,0.6901,0.665238006,158.39,5.2508
776,DES23,305.55,0.6466,0.626516503,158.39,5.2508
777,DES23,306.25,0.6052,0.595012534,158.39,5.2508
778,DES23,307.05,0.568,0.561491331,158.39,5.2508
779,DES23,307.85,0.5351,0.530394862,158.39,5.2508
780,DES23,308.55,0.5043,0.505008281,158.39,5.2508
781,DES23,309.35,0.4735,0.477906898,158.39,5.2508
782,DES23,310.15,0.4459,0.452679623,158.39,5.2508
783,DES23,310.95,0.4183,0.429170432,158.39,5.2508
784,DES23,311.65,0.3939,0.409898102,158.39,5.2508
785,DES23,312.45,0.3695,0.389240967,158.39,5.2508
786,DES23,313.25,0.3504,0.369931674,158.39,5.2508
787,DES23,313.95,0.3312,0.354058006,158.39,5.2508
788,DES23,314.75,0.3132,0.336997482,158.39,5.2508
789,DES23,315.55,0.2983,0.32100501,158.39,5.2508
790,DES23,316.25,0.2824,0.307823997,158.39,5.2508
791,DES23,317.05,0.2675,0.293621825,158.39,5.2508
792,DES23,317.85,0.2537,0.280273888,158.39,5.2508
793,DES23,318.55,0.2399,0.269246125,158.39,5.2508
794,DES23,319.35,0.2282,0.257336296,158.39,5.2508
795,DES23,320.15,0.2166,0.246115601,158.39,5.2508
796,DES23,320.95,0.2059,0.235535656,158.39,5.2508
797,DES23,321.65,0.1953,0.226768806,158.39,5.2508
798,DES23,322.45,0.1847,0.217273364,158.39,5.2508
799,DES23,323.25,0.1773,0.208300374,158.39,5.2508
800,DES24,293.05,1.3338,1.334540978,145.13,5.9401
801,DES24,293.85,1.2878,1.236194425,145.13,5.9401
802,DES24,294.65,1.2135,1.146984107,145.13,5.9401
803,DES24,295.45,1.1404,1.065900825,145.13,5.9401
804,DES24,296.25,1.0637,0.99206351,145.13,5.9401
805,DES24,297.05,0.9918,0.924700947,145.13,5.9401
806,DES24,297.85,0.9257,0.86313638,145.13,5.9401
807,DES24,298.55,0.8656,0.813553776,145.13,5.9401
808,DES24,299.35,0.809,0.761311506,145.13,5.9401
809,DES24,300.15,0.7559,0.713338116,145.13,5.9401
810,DES24,300.85,0.7087,0.674534182,145.13,5.9401
811,DES24,301.65,0.6662,0.633478016,145.13,5.9401
812,DES24,302.45,0.625,0.595613754,145.13,5.9401
813,DES24,303.25,0.5826,0.560644085,145.13,5.9401
814,DES24,303.95,0.5495,0.532210821,145.13,5.9401
815,DES24,304.75,0.5165,0.501975622,145.13,5.9401
816,DES24,305.55,0.4858,0.47394539,145.13,5.9401
817,DES24,306.25,0.4564,0.451075334,145.13,5.9401
818,DES24,307.05,0.4304,0.426674183,145.13,5.9401
819,DES24,307.85,0.4068,0.403973642,145.13,5.9401
820,DES24,308.55,0.3855,0.385393191,145.13,5.9401
821,DES24,309.35,0.3643,0.3655077,145.13,5.9401
822,DES24,310.15,0.3443,0.346948841,145.13,5.9401
823,DES24,310.95,0.3243,0.329609874,145.13,5.9401
824,DES24,311.65,0.3077,0.315362674,145.13,5.9401
825,DES24,312.45,0.2912,0.300057216,145.13,5.9401
826,DES24,313.25,0.2771,0.285716738,145.13,5.9401
827,DES24,313.95,0.2629,0.273902414,145.13,5.9401
828,DES24,314.75,0.2488,0.261178153,145.13,5.9401
829,DES24,315.55,0.2381,0.249224451,145.13,5.9401
830,DES24,316.25,0.2276,0.239352508,145.13,5.9401
831,DES24,317.05,0.2169,0.228695074,145.13,5.9401
832,DES24,317.85,0.2063,0.218658348,145.13,5.9401
833,DES24,318.55,0.1969,0.210350814,145.13,5.9401
834,DES24,319.35,0.1874,0.20136254,145.13,5.9401
835,DES24,320.15,0.1792,0.192878342,145.13,5.9401
836,DES24,320.95,0.1709,0.18486386,145.13,5.9401
837,DES24,321.65,0.1626,0.178211581,145.13,5.9401
838,DES24,322.45,0.1555,0.170994541,145.13,5.9401
839,DES24,323.25,0.1497,0.164162822,145.13,5.9401
840,DES25,293.05,1.3585,1.359722555,134.52,6.6294
841,DES25,293.85,1.2899,1.257791465,134.52,6.6294
842,DES25,294.65,1.216,1.165480995,134.52,6.6294
843,DES25,295.45,1.1475,1.081712232,134.52,6.6294
844,DES25,296.25,1.0762,1.005545261,134.52,6.6294
845,DES25,297.05,1.0129,0.936159056,134.52,6.6294
846,DES25,297.85,0.9575,0.872834581,134.52,6.6294
847,DES25,298.55,0.8942,0.821899985,134.52,6.6294
848,DES25,299.35,0.8441,0.768299517,134.52,6.6294
849,DES25,300.15,0.8045,0.719141814,134.52,6.6294
850,DES25,300.95,0.7623,0.673986917,134.52,6.6294
851,DES25,301.65,0.7254,0.637452463,134.52,6.6294
852,DES25,302.45,0.6885,0.598787001,134.52,6.6294
853,DES25,303.25,0.6542,0.563117566,134.52,6.6294
854,DES25,303.95,0.6225,0.534145067,134.52,6.6294
855,DES25,304.75,0.5961,0.503367018,134.52,6.6294
856,DES25,305.55,0.5671,0.474862887,134.52,6.6294
857,DES25,306.25,0.5407,0.451628005,134.52,6.6294
858,DES25,307.05,0.5143,0.426860148,134.52,6.6294
859,DES25,307.85,0.4932,0.403840225,134.52,6.6294
860,DES25,308.65,0.4721,0.382419836,134.52,6.6294
861,DES25,309.35,0.4537,0.364883604,134.52,6.6294
862,DES25,310.15,0.4326,0.346111955,134.52,6.6294
863,DES25,310.95,0.4141,0.32858903,134.52,6.6294
864,DES25,311.65,0.3983,0.314201817,134.52,6.6294
865,DES25,312.45,0.3825,0.298757571,134.52,6.6294
866,DES25,313.25,0.3666,0.284298386,134.52,6.6294
867,DES25,313.95,0.3534,0.272394803,134.52,6.6294
868,DES25,314.75,0.3376,0.259583348,134.52,6.6294
869,DES25,315.55,0.3244,0.247556477,134.52,6.6294
870,DES25,316.25,0.3139,0.237630718,134.52,6.6294
871,DES25,317.05,0.3033,0.226922132,134.52,6.6294
872,DES25,317.85,0.2901,0.216844049,134.52,6.6294
873,DES25,318.65,0.2822,0.207351455,134.52,6.6294
874,DES25,319.35,0.2743,0.199493187,134.52,6.6294
875,DES25,320.15,0.2637,0.190989818,134.52,6.6294
876,DES25,320.95,0.2558,0.182962173,134.52,6.6294
877,DES25,321.65,0.2453,0.176302732,134.52,6.6294
878,DES25,322.45,0.2374,0.169081908,134.52,6.6294
879,DES25,323.25,0.2321,0.162250544,134.52,6.6294
880,DES27,293.05,0.784,0.783736085,218.5,5.6241
881,DES27,293.85,0.745,0.736811191,218.5,5.6241
882,DES27,294.65,0.707,0.693485598,218.5,5.6241
883,DES27,295.45,0.669,0.653428066,218.5,5.6241
884,DES27,296.25,0.631,0.616342613,218.5,5.6241
885,DES27,297.05,0.591,0.58196428,218.5,5.6241
886,DES27,297.85,0.554,0.550055458,218.5,5.6241
887,DES27,298.55,0.534,0.523992671,218.5,5.6241
888,DES27,299.35,0.511,0.496155741,218.5,5.6241
889,DES27,300.15,0.489,0.470230378,218.5,5.6241
890,DES27,300.95,0.466,0.446058318,218.5,5.6241
891,DES27,301.65,0.438,0.426233223,218.5,5.6241
892,DES27,302.45,0.417,0.404973723,218.5,5.6241
893,DES27,303.25,0.399,0.385091628,218.5,5.6241
894,DES27,303.95,0.379,0.368739647,218.5,5.6241
895,DES27,304.75,0.366,0.351157182,218.5,5.6241
896,DES27,305.55,0.347,0.334667662,218.5,5.6241
897,DES27,306.25,0.337,0.321071028,218.5,5.6241
898,DES27,307.05,0.324,0.306414712,218.5,5.6241
899,DES27,307.85,0.309,0.29263367,218.5,5.6241
900,DES27,308.65,0.298,0.279664487,218.5,5.6241
901,DES27,309.35,0.285,0.268936665,218.5,5.6241
902,DES27,310.15,0.274,0.257337045,218.5,5.6241
903,DES27,310.95,0.264,0.246395049,218.5,5.6241
904,DES27,311.65,0.256,0.237324525,218.5,5.6241
905,DES27,312.45,0.247,0.227496248,218.5,5.6241
906,DES27,313.25,0.236,0.218204817,218.5,5.6241
907,DES27,313.95,0.222,0.210487046,218.5,5.6241
908,DES27,314.75,0.218,0.202108113,218.5,5.6241
909,DES27,315.55,0.213,0.194170622,218.5,5.6241
910,DES27,316.25,0.204,0.187565075,218.5,5.6241
911,DES27,317.05,0.195,0.180380481,218.5,5.6241
912,DES27,317.85,0.186,0.173561351,218.5,5.6241
913,DES27,318.65,0.179,0.167084963,218.5,5.6241
914,DES27,319.35,0.176,0.16168268,218.5,5.6241
915,DES27,320.15,0.169,0.155793349,218.5,5.6241
916,DES27,320.95,0.162,0.150190186,218.5,5.6241
917,DES27,321.65,0.155,0.145508747,218.5,5.6241
918,DES27,322.45,0.147,0.14039718,218.5,5.6241
919,DES27,323.25,0.137,0.135525946,218.5,5.6241
920,DES28,293.05,0.697,0.69619308,201.94,6.8446
921,DES28,293.85,0.665,0.654573894,201.94,6.8446
922,DES28,294.65,0.629,0.616142531,201.94,6.8446
923,DES28,295.45,0.596,0.580606013,201.94,6.8446
924,DES28,296.25,0.563,0.547702508,201.94,6.8446
925,DES28,297.05,0.529,0.517197592,201.94,6.8446
926,DES28,297.85,0.498,0.488881007,201.94,6.8446
927,DES28,298.55,0.477,0.46575013,201.94,6.8446
928,DES28,299.35,0.455,0.441042423,201.94,6.8446
929,DES28,300.15,0.435,0.418029202,201.94,6.8446
930,DES28,300.95,0.414,0.396570351,201.94,6.8446
931,DES28,301.65,0.391,0.378969044,201.94,6.8446
932,DES28,302.45,0.372,0.360092678,201.94,6.8446
933,DES28,303.25,0.356,0.342437801,201.94,6.8446
934,DES28,303.95,0.339,0.327916452,201.94,6.8446
935,DES28,304.75,0.325,0.312301185,201.94,6.8446
936,DES28,305.55,0.309,0.297655418,201.94,6.8446
937,DES28,306.25,0.299,0.285578197,201.94,6.8446
938,DES28,307.05,0.287,0.272558791,201.94,6.8446
939,DES28,307.85,0.275,0.260316002,201.94,6.8446
940,DES28,308.65,0.264,0.248793623,201.94,6.8446
941,DES28,309.35,0.253,0.239261938,201.94,6.8446
942,DES28,310.15,0.243,0.228954997,201.94,6.8446
943,DES28,310.95,0.234,0.219231742,201.94,6.8446
944,DES28,311.65,0.226,0.211171016,201.94,6.8446
945,DES28,312.45,0.218,0.202436372,201.94,6.8446
946,DES28,313.25,0.209,0.19417832,201.94,6.8446
947,DES28,313.95,0.199,0.187318514,201.94,6.8446
948,DES28,314.75,0.194,0.179870628,201.94,6.8446
949,DES28,315.55,0.188,0.172814718,201.94,6.8446
950,DES28,316.25,0.181,0.166942504,201.94,6.8446
951,DES28,317.05,0.174,0.160555191,201.94,6.8446
952,DES28,317.85,0.166,0.154492452,201.94,6.8446
953,DES28,318.65,0.1611,0.148734128,201.94,6.8446
954,DES28,319.35,0.157,0.143930581,201.94,6.8446
955,DES28,320.15,0.151,0.138693712,201.94,6.8446
956,DES28,320.95,0.146,0.133711055,201.94,6.8446
957,DES28,321.65,0.14,0.129547854,201.94,6.8446
958,DES28,322.45,0.134,0.125001934,201.94,6.8446
959,DES28,323.25,0.129,0.120669545,201.94,6.8446
960,DES29,293.05,0.608,0.606645563,191.58,8.0651
961,DES29,293.85,0.582,0.570900072,191.58,8.0651
962,DES29,294.65,0.549,0.537856459,191.58,8.0651
963,DES29,295.45,0.521,0.507269517,191.58,8.0651
964,DES29,296.25,0.493,0.478919793,191.58,8.0651
965,DES29,297.05,0.466,0.452610531,191.58,8.0651
966,DES29,297.85,0.44,0.428165021,191.58,8.0651
967,DES29,298.55,0.419,0.408178689,191.58,8.0651
968,DES29,299.35,0.399,0.386811636,191.58,8.0651
969,DES29,300.15,0.382,0.366892279,191.58,8.0651
970,DES29,300.95,0.363,0.34830228,191.58,8.0651
971,DES29,301.65,0.345,0.333042067,191.58,8.0651
972,DES29,302.45,0.329,0.316663838,191.58,8.0651
973,DES29,303.25,0.314,0.301333219,191.58,8.0651
974,DES29,303.95,0.301,0.288714395,191.58,8.0651
975,DES29,304.75,0.287,0.275135339,191.58,8.0651
976,DES29,305.55,0.275,0.262389945,191.58,8.0651
977,DES29,306.25,0.264,0.251872695,191.58,8.0651
978,DES29,307.05,0.253,0.240527487,191.58,8.0651
979,DES29,307.85,0.243,0.229851697,191.58,8.0651
980,DES29,308.65,0.233,0.219797375,191.58,8.0651
981,DES29,309.35,0.224,0.211475004,191.58,8.0651
982,DES29,310.15,0.215,0.202470347,191.58,8.0651
983,DES29,310.95,0.207,0.193970318,191.58,8.0651
984,DES29,311.65,0.199,0.186919625,191.58,8.0651
985,DES29,312.45,0.192,0.179275184,191.58,8.0651
986,DES29,313.25,0.185,0.172043628,191.58,8.0651
987,DES29,313.95,0.178,0.166033292,191.58,8.0651
988,DES29,314.75,0.172,0.159504282,191.58,8.0651
989,DES29,315.55,0.166,0.153315504,191.58,8.0651
990,DES29,316.25,0.16,0.148162362,191.58,8.0651
991,DES29,317.05,0.155,0.142554445,191.58,8.0651
992,DES29,317.85,0.149,0.137228763,191.58,8.0651
993,DES29,318.65,0.144,0.132167944,191.58,8.0651
994,DES29,319.35,0.14,0.1279443,191.58,8.0651
995,DES29,320.15,0.135,0.123337564,191.58,8.0651
996,DES29,320.95,0.131,0.118952378,191.58,8.0651
997,DES29,321.65,0.126,0.115286793,191.58,8.0651
998,DES29,322.45,0.122,0.111282529,191.58,8.0651
999,DES29,323.25,0.119,0.10746465,191.58,8.0651
1000,DES30,293.05,0.521,0.519161975,183.3,9.2857
1001,DES30,293.85,0.5,0.48921268,183.3,9.2857
1002,DES30,294.65,0.47,0.461483633,183.3,9.2857
1003,DES30,295.45,0.447,0.435777023,183.3,9.2857
1004,DES30,296.25,0.424,0.411915447,183.3,9.2857
1005,DES30,297.05,0.403,0.389739532,183.3,9.2857
1006,DES30,297.85,0.383,0.369105862,183.3,9.2857
1007,DES30,298.55,0.364,0.352214587,183.3,9.2857
1008,DES30,299.35,0.346,0.334134134,183.3,9.2857
1009,DES30,300.15,0.33,0.31725708,183.3,9.2857
1010,DES30,300.95,0.314,0.301486705,183.3,9.2857
1011,DES30,301.65,0.3,0.288526312,183.3,9.2857
1012,DES30,302.45,0.287,0.274600986,183.3,9.2857
1013,DES30,303.25,0.274,0.261551339,183.3,9.2857
1014,DES30,303.95,0.264,0.250798673,183.3,9.2857
1015,DES30,304.75,0.251,0.239215903,183.3,9.2857
1016,DES30,305.55,0.241,0.228332605,183.3,9.2857
1017,DES30,306.25,0.231,0.219343121,183.3,9.2857
1018,DES30,307.05,0.221,0.209636699,183.3,9.2857
1019,DES30,307.85,0.213,0.200493911,183.3,9.2857
1020,DES30,308.65,0.204,0.191874993,183.3,9.2857
1021,DES30,309.35,0.197,0.184734413,183.3,9.2857
1022,DES30,310.15,0.189,0.177001728,183.3,9.2857
1023,DES30,310.95,0.181,0.169695777,183.3,9.2857
1024,DES30,311.65,0.174,0.163630522,183.3,9.2857
1025,DES30,312.45,0.168,0.15704917,183.3,9.2857
1026,DES30,313.25,0.162,0.150818009,183.3,9.2857
1027,DES30,313.95,0.157,0.145635097,183.3,9.2857
1028,DES30,314.75,0.151,0.140000638,183.3,9.2857
1029,DES30,315.55,0.145,0.134655553,183.3,9.2857
1030,DES30,316.25,0.14,0.130201672,183.3,9.2857
1031,DES30,317.05,0.136,0.125351269,183.3,9.2857
1032,DES30,317.85,0.131,0.12074154,183.3,9.2857
1033,DES30,318.65,0.127,0.116357869,183.3,9.2857
1034,DES30,319.35,0.123,0.112696899,183.3,9.2857
1035,DES30,320.15,0.119,0.10870125,183.3,9.2857
1036,DES30,320.95,0.115,0.104895146,183.3,9.2857
1037,DES30,321.65,0.112,0.101711604,183.3,9.2857
1038,DES30,322.45,0.108,0.098231766,183.3,9.2857
1039,DES30,323.25,0.105,0.094911751,183.3,9.2857
1040,DES32,293.15,0.1724,0.173394896,147.97,3.1245
1041,DES32,293.85,0.1658,0.166076214,147.97,3.1245
1042,DES32,294.65,0.1593,0.158205412,147.97,3.1245
1043,DES32,295.45,0.1527,0.150822462,147.97,3.1245
1044,DES32,296.25,0.1471,0.143890693,147.97,3.1245
1045,DES32,297.05,0.1405,0.137376646,147.97,3.1245
1046,DES32,297.85,0.1349,0.131249756,147.97,3.1245
1047,DES32,298.55,0.1302,0.126184277,147.97,3.1245
1048,DES32,299.35,0.1255,0.120709803,147.97,3.1245
1049,DES32,300.15,0.1208,0.115548274,147.97,3.1245
1050,DES32,300.95,0.1152,0.110677915,147.97,3.1245
1051,DES32,301.65,0.1115,0.106639433,147.97,3.1245
1052,DES32,302.45,0.1077,0.10226236,147.97,3.1245
1053,DES32,303.25,0.103,0.098123152,147.97,3.1245
1054,DES32,303.95,0.0993,0.09468404,147.97,3.1245
1055,DES32,304.75,0.0955,0.090949284,147.97,3.1245
1056,DES32,305.55,0.0918,0.087410261,147.97,3.1245
1057,DES32,306.25,0.089,0.084464299,147.97,3.1245
1058,DES32,307.05,0.0862,0.081259224,147.97,3.1245
1059,DES32,307.85,0.0824,0.078216308,147.97,3.1245
1060,DES32,308.65,0.0796,0.075325506,147.97,3.1245
1061,DES32,309.35,0.0768,0.072913497,147.97,3.1245
1062,DES32,310.15,0.074,0.070283331,147.97,3.1245
1063,DES32,310.95,0.0712,0.06778026,147.97,3.1245
1064,DES32,311.65,0.0693,0.065688392,147.97,3.1245
1065,DES32,312.45,0.0665,0.063403725,147.97,3.1245
1066,DES32,313.25,0.0646,0.061225869,147.97,3.1245
1067,DES32,313.95,0.0618,0.059403029,147.97,3.1245
1068,DES32,314.75,0.0599,0.05740923,147.97,3.1245
1069,DES32,315.55,0.058,0.055505691,147.97,3.1245
1070,DES32,316.25,0.0562,0.053910172,147.97,3.1245
1071,DES32,317.05,0.0543,0.052162574,147.97,3.1245
1072,DES32,317.85,0.0524,0.050491644,147.97,3.1245
1073,DES32,318.65,0.0506,0.048893237,147.97,3.1245
1074,DES32,319.35,0.0487,0.047551064,147.97,3.1245
1075,DES32,320.15,0.0468,0.046078367,147.97,3.1245
1076,DES32,320.95,0.0459,0.044667675,147.97,3.1245
1077,DES32,321.65,0.044,0.043481646,147.97,3.1245
1078,DES32,322.45,0.0431,0.042178681,147.97,3.1245
1079,DES32,323.25,0.0412,0.040928974,147.97,3.1245
1080,DES33,293.05,0.1386,0.139895486,127.15,3.526
1081,DES33,293.85,0.133,0.133293126,127.15,3.526
1082,DES33,294.65,0.1274,0.127098542,127.15,3.526
1083,DES33,295.45,0.1227,0.121281183,127.15,3.526
1084,DES33,296.25,0.1171,0.115813166,127.15,3.526
1085,DES33,297.05,0.1124,0.110669009,127.15,3.526
1086,DES33,297.75,0.1086,0.106415161,127.15,3.526
1087,DES33,298.55,0.1049,0.101816948,127.15,3.526
1088,DES33,299.35,0.1002,0.0974807,127.15,3.526
1089,DES33,300.15,0.0965,0.093388243,127.15,3.526
1090,DES33,300.85,0.0927,0.089994168,127.15,3.526
1091,DES33,301.65,0.0899,0.086314866,127.15,3.526
1092,DES33,302.45,0.0862,0.082834852,127.15,3.526
1093,DES33,303.25,0.0824,0.079540952,127.15,3.526
1094,DES33,303.95,0.0796,0.076801882,127.15,3.526
1095,DES33,304.75,0.0768,0.073824915,127.15,3.526
1096,DES33,305.55,0.074,0.071001556,127.15,3.526
1097,DES33,306.25,0.0712,0.068649483,127.15,3.526
1098,DES33,307.05,0.0684,0.06608857,127.15,3.526
1099,DES33,307.85,0.0665,0.063655275,127.15,3.526
1100,DES33,308.65,0.0637,0.061341804,127.15,3.526
1101,DES33,309.35,0.0618,0.059410111,127.15,3.526
1102,DES33,310.15,0.059,0.057302217,127.15,3.526
1103,DES33,310.95,0.0571,0.055294698,127.15,3.526
1104,DES33,311.65,0.0552,0.053615832,127.15,3.526
1105,DES33,312.45,0.0534,0.051781013,127.15,3.526
1106,DES33,313.25,0.0515,0.050030755,127.15,3.526
1107,DES33,313.95,0.0496,0.048564869,127.15,3.526
1108,DES33,314.75,0.0477,0.046960496,127.15,3.526
1109,DES33,315.55,0.0459,0.045427745,127.15,3.526
1110,DES33,316.25,0.0449,0.044142237,127.15,3.526
1111,DES33,317.05,0.0431,0.042733362,127.15,3.526
1112,DES33,317.85,0.0421,0.041385458,127.15,3.526
1113,DES33,318.55,0.0402,0.040253492,127.15,3.526
1114,DES33,319.35,0.0393,0.039011295,127.15,3.526
1115,DES33,320.15,0.0374,0.037821249,127.15,3.526
1116,DES33,320.95,0.0365,0.036680649,127.15,3.526
1117,DES33,321.65,0.0356,0.035721184,127.15,3.526
1118,DES33,322.45,0.0346,0.034666571,127.15,3.526
1119,DES33,323.25,0.0327,0.033654508,127.15,3.526
1120,DES34,293.05,0.1208,0.121578336,114.13,3.9275
1121,DES34,293.85,0.1161,0.115915743,114.13,3.9275
1122,DES34,294.65,0.1115,0.110598741,114.13,3.9275
1123,DES34,295.45,0.1068,0.105601727,114.13,3.9275
1124,DES34,296.25,0.1021,0.100901311,114.13,3.9275
1125,DES34,297.05,0.0983,0.096476096,114.13,3.9275
1126,DES34,297.85,0.0946,0.092306487,114.13,3.9275
1127,DES34,298.55,0.0908,0.088853594,114.13,3.9275
1128,DES34,299.35,0.0871,0.085115981,114.13,3.9275
1129,DES34,300.15,0.0843,0.081586186,114.13,3.9275
1130,DES34,300.95,0.0805,0.078250121,114.13,3.9275
1131,DES34,301.65,0.0777,0.075479761,114.13,3.9275
1132,DES34,302.45,0.0749,0.072472782,114.13,3.9275
1133,DES34,303.25,0.0721,0.069624909,114.13,3.9275
1134,DES34,303.95,0.0693,0.067255431,114.13,3.9275
1135,DES34,304.75,0.0665,0.064678769,114.13,3.9275
1136,DES34,305.55,0.0646,0.062233684,114.13,3.9275
1137,DES34,306.25,0.0618,0.060195688,114.13,3.9275
1138,DES34,307.05,0.0599,0.057975617,114.13,3.9275
1139,DES34,307.85,0.058,0.055865064,114.13,3.9275
1140,DES34,308.65,0.0552,0.053857403,114.13,3.9275
1141,DES34,309.35,0.0534,0.052180255,114.13,3.9275
1142,DES34,310.15,0.0515,0.050349273,114.13,3.9275
1143,DES34,310.95,0.0496,0.048604629,114.13,3.9275
1144,DES34,311.65,0.0487,0.047144948,114.13,3.9275
1145,DES34,312.45,0.0468,0.045548974,114.13,3.9275
1146,DES34,313.25,0.0449,0.044025853,114.13,3.9275
1147,DES34,313.95,0.0431,0.04274966,114.13,3.9275
1148,DES34,314.75,0.0421,0.041352321,114.13,3.9275
1149,DES34,315.55,0.0402,0.040016782,114.13,3.9275
1150,DES34,316.25,0.0393,0.038896226,114.13,3.9275
1151,DES34,317.05,0.0374,0.037667651,114.13,3.9275
1152,DES34,317.85,0.0365,0.03649176,114.13,3.9275
1153,DES34,318.65,0.0356,0.035365764,114.13,3.9275
1154,DES34,319.35,0.0337,0.034419388,114.13,3.9275
1155,DES34,320.15,0.0327,0.033380026,114.13,3.9275
1156,DES34,320.95,0.0318,0.032383467,114.13,3.9275
1157,DES34,321.65,0.0309,0.031544873,114.13,3.9275
1158,DES34,322.45,0.0299,0.030622797,114.13,3.9275
1159,DES34,323.25,0.029,0.029737603,114.13,3.9275
1160,DES35,293.05,0.1077,0.108103719,103.72,4.329
1161,DES35,293.85,0.104,0.103128029,103.72,4.329
1162,DES35,294.65,0.0993,0.098452781,103.72,4.329
1163,DES35,295.45,0.0955,0.09405594,103.72,4.329
1164,DES35,296.25,0.0918,0.089917359,103.72,4.329
1165,DES35,297.05,0.088,0.08601859,103.72,4.329
1166,DES35,297.85,0.0843,0.082342723,103.72,4.329
1167,DES35,298.55,0.0815,0.079296958,103.72,4.329
1168,DES35,299.35,0.0787,0.075998204,103.72,4.329
1169,DES35,300.15,0.0749,0.07288105,103.72,4.329
1170,DES35,300.95,0.0721,0.0699333,103.72,4.329
1171,DES35,301.65,0.0693,0.067484129,103.72,4.329
1172,DES35,302.45,0.0674,0.064824415,103.72,4.329
1173,DES35,303.25,0.0646,0.06230409,103.72,4.329
1174,DES35,303.95,0.0618,0.06020611,103.72,4.329
1175,DES35,304.75,0.0599,0.057923596,103.72,4.329
1176,DES35,305.55,0.058,0.055756554,103.72,4.329
1177,DES35,306.25,0.0552,0.053949479,103.72,4.329
1178,DES35,307.05,0.0534,0.051980076,103.72,4.329
1179,DES35,307.85,0.0515,0.050106944,103.72,4.329
1180,DES35,308.65,0.0496,0.04832431,103.72,4.329
1181,DES35,309.35,0.0477,0.046834514,103.72,4.329
1182,DES35,310.15,0.0459,0.045207394,103.72,4.329
1183,DES35,310.95,0.0449,0.043656327,103.72,4.329
1184,DES35,311.65,0.0431,0.042358088,103.72,4.329
1185,DES35,312.45,0.0412,0.040938075,103.72,4.329
1186,DES35,313.25,0.0402,0.039582328,103.72,4.329
1187,DES35,313.95,0.0393,0.038445946,103.72,4.329
1188,DES35,314.75,0.0374,0.037201231,103.72,4.329
1189,DES35,315.55,0.0365,0.036011106,103.72,4.329
1190,DES35,316.25,0.0346,0.0350122,103.72,4.329
1191,DES35,317.05,0.0337,0.033916619,103.72,4.329
1192,DES35,317.85,0.0327,0.032867636,103.72,4.329
1193,DES35,318.65,0.0318,0.031862801,103.72,4.329
1194,DES35,319.35,0.0309,0.031017978,103.72,4.329
1195,DES35,320.15,0.0299,0.030089846,103.72,4.329
1196,DES35,320.95,0.0281,0.029199632,103.72,4.329
1197,DES35,321.65,0.0281,0.028450292,103.72,4.329
1198,DES35,322.45,0.0271,0.0276261,103.72,4.329
1199,DES35,323.25,0.0262,0.026834618,103.72,4.329
1200,DES36,293.05,1.51,1.505338729,128.94,3.0108
1201,DES36,293.85,1.45,1.400546449,128.94,3.0108
1202,DES36,294.65,1.382,1.304989278,128.94,3.0108
1203,DES36,295.45,1.302,1.21769713,128.94,3.0108
1204,DES36,296.25,1.217,1.137817245,128.94,3.0108
1205,DES36,297.05,1.15,1.064598226,128.94,3.0108
1206,DES36,297.75,1.077,1.005471973,128.94,3.0108
1207,DES36,298.55,1.015,0.943013675,128.94,3.0108
1208,DES36,299.35,0.96,0.885506128,128.94,3.0108
1209,DES36,300.15,0.909,0.832479465,128.94,3.0108
1210,DES36,300.85,0.843,0.789426839,128.94,3.0108
1211,DES36,301.65,0.797,0.743709869,128.94,3.0108
1212,DES36,302.45,0.745,0.70138835,128.94,3.0108
1213,DES36,303.25,0.706,0.662159482,128.94,3.0108
1214,DES36,303.95,0.664,0.630156994,128.94,3.0108
1215,DES36,304.75,0.623,0.59601673,128.94,3.0108
1216,DES36,305.55,0.587,0.564260334,128.94,3.0108
1217,DES36,306.25,0.554,0.53827097,128.94,3.0108
1218,DES36,307.05,0.528,0.510459596,128.94,3.0108
1219,DES36,307.85,0.499,0.484506892,128.94,3.0108
1220,DES36,308.65,0.478,0.46026302,128.94,3.0108
1221,DES36,309.35,0.453,0.440344329,128.94,3.0108
1222,DES36,310.15,0.425,0.418948358,128.94,3.0108
1223,DES36,310.95,0.405,0.398903523,128.94,3.0108
1224,DES36,311.65,0.384,0.382391305,128.94,3.0108
1225,DES36,312.45,0.361,0.364608983,128.94,3.0108
1226,DES36,313.25,0.338,0.347905133,128.94,3.0108
1227,DES36,313.95,0.319,0.334111487,128.94,3.0108
1228,DES36,314.75,0.309,0.319221551,128.94,3.0108
1229,DES36,315.55,0.297,0.305200032,128.94,3.0108
1230,DES36,316.25,0.285,0.293595131,128.94,3.0108
1231,DES36,317.05,0.268,0.28104023,128.94,3.0108
1232,DES36,317.85,0.257,0.269190331,128.94,3.0108
1233,DES36,318.65,0.246,0.25799731,128.94,3.0108
1234,DES36,319.35,0.237,0.248707356,128.94,3.0108
1235,DES36,320.15,0.223,0.238629352,128.94,3.0108
1236,DES36,320.95,0.213,0.229090042,128.94,3.0108
1237,DES36,321.65,0.204,0.221157396,128.94,3.0108
1238,DES36,322.45,0.197,0.212535685,128.94,3.0108
1239,DES36,323.25,0.192,0.204358821,128.94,3.0108
1240,DES37,293.05,1.299,1.297661907,138.15,3.7
1241,DES37,293.85,1.246,1.205337743,138.15,3.7
1242,DES37,294.65,1.185,1.121315481,138.15,3.7
1243,DES37,295.45,1.117,1.044706145,138.15,3.7
1244,DES37,296.25,1.045,0.974730286,138.15,3.7
1245,DES37,297.05,0.986,0.910702813,138.15,3.7
1246,DES37,297.75,0.923,0.859082023,138.15,3.7
1247,DES37,298.55,0.869,0.804636655,138.15,3.7
1248,DES37,299.35,0.822,0.754587294,138.15,3.7
1249,DES37,300.15,0.777,0.70850932,138.15,3.7
1250,DES37,300.85,0.719,0.671151243,138.15,3.7
1251,DES37,301.65,0.683,0.631535438,138.15,3.7
1252,DES37,302.45,0.639,0.594913901,138.15,3.7
1253,DES37,303.25,0.605,0.561015124,138.15,3.7
1254,DES37,303.95,0.569,0.533395519,138.15,3.7
1255,DES37,304.75,0.535,0.503966681,138.15,3.7
1256,DES37,305.55,0.504,0.476627241,138.15,3.7
1257,DES37,306.25,0.476,0.454278461,138.15,3.7
1258,DES37,307.05,0.454,0.4303896,138.15,3.7
1259,DES37,307.85,0.429,0.408123142,138.15,3.7
1260,DES37,308.65,0.409,0.387346283,138.15,3.7
1261,DES37,309.35,0.388,0.370293701,138.15,3.7
1262,DES37,310.15,0.365,0.351994777,138.15,3.7
1263,DES37,310.95,0.348,0.334869314,138.15,3.7
1264,DES37,311.65,0.33,0.320775452,138.15,3.7
1265,DES37,312.45,0.311,0.305611612,138.15,3.7
1266,DES37,313.25,0.292,0.291381235,138.15,3.7
1267,DES37,313.95,0.276,0.27964055,138.15,3.7
1268,DES37,314.75,0.267,0.266977688,138.15,3.7
1269,DES37,315.55,0.256,0.255064099,138.15,3.7
1270,DES37,316.25,0.245,0.245211968,138.15,3.7
1271,DES37,317.05,0.231,0.234561901,138.15,3.7
1272,DES37,317.85,0.222,0.224518318,138.15,3.7
1273,DES37,318.65,0.212,0.215039266,138.15,3.7
1274,DES37,319.35,0.204,0.20717779,138.15,3.7
1275,DES37,320.15,0.193,0.198655703,138.15,3.7
1276,DES37,320.95,0.184,0.190595334,138.15,3.7
1277,DES37,321.65,0.176,0.183897261,138.15,3.7
1278,DES37,322.45,0.171,0.176622372,138.15,3.7
1279,DES37,323.25,0.165,0.169727804,138.15,3.7
1280,DES38,293.05,1.101,1.100841504,149.67,4.3893
1281,DES38,293.85,1.061,1.023316169,149.67,4.3893
1282,DES38,294.65,1,0.952696449,149.67,4.3893
1283,DES38,295.45,0.938,0.888249518,149.67,4.3893
1284,DES38,296.25,0.877,0.829332057,149.67,4.3893
1285,DES38,297.05,0.822,0.775377961,149.67,4.3893
1286,DES38,297.75,0.77,0.731845637,149.67,4.3893
1287,DES38,298.55,0.723,0.685897745,149.67,4.3893
1288,DES38,299.35,0.683,0.643627795,149.67,4.3893
1289,DES38,300.15,0.646,0.604683446,149.67,4.3893
1290,DES38,300.85,0.6,0.573087964,149.67,4.3893
1291,DES38,301.65,0.569,0.539561427,149.67,4.3893
1292,DES38,302.45,0.533,0.508548211,149.67,4.3893
1293,DES38,303.25,0.503,0.47982219,149.67,4.3893
1294,DES38,303.95,0.475,0.456403353,149.67,4.3893
1295,DES38,304.75,0.447,0.431436181,149.67,4.3893
1296,DES38,305.55,0.422,0.408227858,149.67,4.3893
1297,DES38,306.25,0.398,0.389245793,149.67,4.3893
1298,DES38,307.05,0.378,0.368944979,149.67,4.3893
1299,DES38,307.85,0.359,0.35001254,149.67,4.3893
1300,DES38,308.65,0.342,0.332337264,149.67,4.3893
1301,DES38,309.35,0.324,0.31782325,149.67,4.3893
1302,DES38,310.15,0.306,0.302241078,149.67,4.3893
1303,DES38,310.95,0.291,0.28765098,149.67,4.3893
1304,DES38,311.65,0.277,0.275638264,149.67,4.3893
1305,DES38,312.45,0.261,0.262707911,149.67,4.3893
1306,DES38,313.25,0.246,0.250567998,149.67,4.3893
1307,DES38,313.95,0.233,0.240547857,149.67,4.3893
1308,DES38,314.75,0.224,0.229736286,149.67,4.3893
1309,DES38,315.55,0.215,0.219560133,149.67,4.3893
1310,DES38,316.25,0.206,0.211141533,149.67,4.3893
1311,DES38,317.05,0.195,0.202037654,149.67,4.3893
1312,DES38,317.85,0.187,0.193448817,149.67,4.3893
1313,DES38,318.65,0.178,0.185339614,149.67,4.3893
1314,DES38,319.35,0.172,0.178611845,149.67,4.3893
1315,DES38,320.15,0.163,0.171316213,149.67,4.3893
1316,DES38,320.95,0.155,0.16441336,149.67,4.3893
1317,DES38,321.65,0.149,0.15867527,149.67,4.3893
1318,DES38,322.45,0.144,0.152441017,149.67,4.3893
1319,DES38,323.25,0.14,0.146530684,149.67,4.3893
1320,DES39,293.05,0.872,0.871966079,168.09,5.0786
1321,DES39,293.85,0.847,0.812585271,168.09,5.0786
1322,DES39,294.65,0.796,0.758332312,168.09,5.0786
1323,DES39,295.45,0.749,0.708678889,168.09,5.0786
1324,DES39,296.25,0.707,0.663159404,168.09,5.0786
1325,DES39,297.05,0.659,0.62136259,168.09,5.0786
1326,DES39,297.75,0.616,0.587556883,168.09,5.0786
1327,DES39,298.55,0.579,0.551791225,168.09,5.0786
1328,DES39,299.35,0.544,0.518808158,168.09,5.0786
1329,DES39,300.15,0.514,0.48834824,168.09,5.0786
1330,DES39,300.85,0.48,0.463582987,168.09,5.0786
1331,DES39,301.65,0.454,0.437249438,168.09,5.0786
1332,DES39,302.45,0.426,0.4128374,168.09,5.0786
1333,DES39,303.25,0.403,0.390178378,168.09,5.0786
1334,DES39,303.95,0.381,0.371670364,168.09,5.0786
1335,DES39,304.75,0.359,0.351902171,168.09,5.0786
1336,DES39,305.55,0.339,0.333491238,168.09,5.0786
1337,DES39,306.25,0.32,0.318406507,168.09,5.0786
1338,DES39,307.05,0.303,0.302246296,168.09,5.0786
1339,DES39,307.85,0.288,0.287148652,168.09,5.0786
1340,DES39,308.65,0.273,0.273029231,168.09,5.0786
1341,DES39,309.35,0.259,0.261416819,168.09,5.0786
1342,DES39,310.15,0.246,0.24893069,168.09,5.0786
1343,DES39,310.95,0.234,0.237220864,168.09,5.0786
1344,DES39,311.65,0.223,0.227565528,168.09,5.0786
1345,DES39,312.45,0.212,0.217157866,168.09,5.0786
1346,DES39,313.25,0.199,0.207371957,168.09,5.0786
1347,DES39,313.95,0.188,0.199283823,168.09,5.0786
1348,DES39,314.75,0.182,0.190545325,168.09,5.0786
1349,DES39,315.55,0.175,0.182309068,168.09,5.0786
1350,DES39,316.25,0.167,0.175486707,168.09,5.0786
1351,DES39,317.05,0.16,0.168099913,168.09,5.0786
1352,DES39,317.85,0.152,0.161122055,168.09,5.0786
1353,DES39,318.65,0.145,0.154525592,168.09,5.0786
1354,DES39,319.35,0.14,0.149046552,168.09,5.0786
1355,DES39,320.15,0.133,0.143098364,168.09,5.0786
1356,DES39,320.95,0.128,0.137463795,168.09,5.0786
1357,DES39,321.65,0.122,0.132774926,168.09,5.0786
1358,DES39,322.45,0.118,0.127675246,168.09,5.0786
1359,DES39,323.25,0.112,0.122835204,168.09,5.0786
1360,DES40,293.05,0.664,0.663554578,207.24,5.7679
1361,DES40,293.85,0.634,0.620353136,207.24,5.7679
1362,DES40,294.65,0.595,0.580730792,207.24,5.7679
1363,DES40,295.45,0.561,0.544333091,207.24,5.7679
1364,DES40,296.25,0.527,0.510846078,207.24,5.7679
1365,DES40,297.05,0.492,0.479991085,207.24,5.7679
1366,DES40,297.75,0.462,0.454956517,207.24,5.7679
1367,DES40,298.55,0.433,0.428389803,207.24,5.7679
1368,DES40,299.35,0.406,0.40381261,207.24,5.7679
1369,DES40,300.15,0.382,0.381046057,207.24,5.7679
1370,DES40,300.85,0.361,0.362484209,207.24,5.7679
1371,DES40,301.65,0.34,0.342693597,207.24,5.7679
1372,DES40,302.45,0.32,0.324295629,207.24,5.7679
1373,DES40,303.25,0.302,0.307172325,207.24,5.7679
1374,DES40,303.95,0.286,0.293151162,207.24,5.7679
1375,DES40,304.75,0.271,0.278139227,207.24,5.7679
1376,DES40,305.55,0.256,0.264122961,207.24,5.7679
1377,DES40,306.25,0.243,0.252612639,207.24,5.7679
1378,DES40,307.05,0.229,0.240254259,207.24,5.7679
1379,DES40,307.85,0.218,0.228681747,207.24,5.7679
1380,DES40,308.65,0.206,0.217834672,207.24,5.7679
1381,DES40,309.35,0.195,0.208895188,207.24,5.7679
1382,DES40,310.15,0.186,0.199263826,207.24,5.7679
1383,DES40,310.95,0.177,0.190212407,207.24,5.7679
1384,DES40,311.65,0.17,0.182734782,207.24,5.7679
1385,DES40,312.45,0.162,0.174659499,207.24,5.7679
1386,DES40,313.25,0.154,0.167051883,207.24,5.7679
1387,DES40,313.95,0.146,0.160752931,207.24,5.7679
1388,DES40,314.75,0.14,0.153935673,207.24,5.7679
1389,DES40,315.55,0.134,0.147498597,207.24,5.7679
1390,DES40,316.25,0.128,0.142157699,207.24,5.7679
1391,DES40,317.05,0.123,0.136365564,207.24,5.7679
1392,DES40,317.85,0.118,0.130884824,207.24,5.7679
1393,DES40,318.65,0.112,0.125695082,207.24,5.7679
1394,DES40,319.35,0.108,0.121377922,207.24,5.7679
1395,DES40,320.15,0.103,0.116684153,207.24,5.7679
1396,DES40,320.95,0.099,0.112230971,207.24,5.7679
1397,DES40,321.65,0.094,0.108519929,207.24,5.7679
1398,DES40,322.45,0.091,0.10447813,207.24,5.7679
1399,DES40,323.25,0.088,0.100636527,207.24,5.7679
1400,DES41,293.05,0.341,0.342704318,236.27,3.542
1401,DES41,293.85,0.326,0.32586683,236.27,3.542
1402,DES41,294.65,0.312,0.310107772,236.27,3.542
1403,DES41,295.45,0.299,0.295343516,236.27,3.542
1404,DES41,296.25,0.285,0.281497978,236.27,3.542
1405,DES41,297.05,0.272,0.268501853,236.27,3.542
1406,DES41,297.85,0.259,0.256291923,236.27,3.542
1407,DES41,298.55,0.249,0.24620765,236.27,3.542
1408,DES41,299.35,0.239,0.235320124,236.27,3.542
1409,DES41,300.15,0.228,0.225065751,236.27,3.542
1410,DES41,300.85,0.22,0.216577265,236.27,3.542
1411,DES41,301.65,0.212,0.20739228,236.27,3.542
1412,DES41,302.45,0.203,0.198721401,236.27,3.542
1413,DES41,303.25,0.195,0.190529573,236.27,3.542
1414,DES41,303.95,0.189,0.183729266,236.27,3.542
1415,DES41,304.75,0.181,0.176350699,236.27,3.542
1416,DES41,305.55,0.174,0.169365093,236.27,3.542
1417,DES41,306.25,0.168,0.163554899,236.27,3.542
1418,DES41,307.05,0.162,0.157238747,236.27,3.542
1419,DES41,307.85,0.156,0.151247194,236.27,3.542
1420,DES41,308.65,0.15,0.145559834,236.27,3.542
1421,DES41,309.35,0.145,0.140818034,236.27,3.542
1422,DES41,310.15,0.139,0.135651177,236.27,3.542
1423,DES41,310.95,0.134,0.130737791,236.27,3.542
1424,DES41,311.65,0.13,0.126634494,236.27,3.542
1425,DES41,312.45,0.125,0.122156129,236.27,3.542
1426,DES41,313.25,0.12,0.117890242,236.27,3.542
1427,DES41,313.95,0.117,0.114322137,236.27,3.542
1428,DES41,314.75,0.112,0.11042195,236.27,3.542
1429,DES41,315.55,0.108,0.106700884,236.27,3.542
1430,DES41,316.25,0.105,0.103583917,236.27,3.542
1431,DES41,317.05,0.101,0.100171964,236.27,3.542
1432,DES41,317.85,0.097,0.096911817,236.27,3.542
1433,DES41,318.65,0.094,0.093795158,236.27,3.542
1434,DES41,319.35,0.091,0.091179653,236.27,3.542
1435,DES41,320.15,0.088,0.088311446,236.27,3.542
1436,DES41,320.95,0.085,0.085565661,236.27,3.542
1437,DES41,321.65,0.082,0.083258444,236.27,3.542
1438,DES41,322.45,0.079,0.080725134,236.27,3.542
1439,DES41,323.25,0.077,0.078296762,236.27,3.542
1440,DES42,293.15,0.222,0.220820766,207,4.7626
1441,DES42,293.85,0.213,0.211763008,207,4.7626
1442,DES42,294.65,0.204,0.20200639,207,4.7626
1443,DES42,295.45,0.194,0.192839297,207,4.7626
1444,DES42,296.25,0.187,0.184218471,207,4.7626
1445,DES42,297.05,0.179,0.176104357,207,4.7626
1446,DES42,297.85,0.17,0.168460742,207,4.7626
1447,DES42,298.55,0.161,0.162132371,207,4.7626
1448,DES42,299.35,0.155,0.15528363,207,4.7626
1449,DES42,300.15,0.148,0.148817123,207,4.7626
1450,DES42,300.95,0.143,0.142706849,207,4.7626
1451,DES42,301.65,0.138,0.13763372,207,4.7626
1452,DES42,302.45,0.132,0.132128357,207,4.7626
1453,DES42,303.25,0.127,0.126915352,207,4.7626
1454,DES42,303.95,0.123,0.122578851,207,4.7626
1455,DES42,304.75,0.118,0.11786403,207,4.7626
1456,DES42,305.55,0.113,0.113390822,207,4.7626
1457,DES42,306.25,0.109,0.109663021,207,4.7626
1458,DES42,307.05,0.105,0.105602872,207,4.7626
1459,DES42,307.85,0.101,0.1017437,207,4.7626
1460,DES42,308.65,0.097,0.098073311,207,4.7626
1461,DES42,309.35,0.094,0.095007657,207,4.7626
1462,DES42,310.15,0.091,0.091661335,207,4.7626
1463,DES42,310.95,0.087,0.08847333,207,4.7626
1464,DES42,311.65,0.084,0.085806447,207,4.7626
1465,DES42,312.45,0.081,0.082890982,207,4.7626
1466,DES42,313.25,0.078,0.080109036,207,4.7626
1467,DES42,313.95,0.076,0.077778432,207,4.7626
1468,DES42,314.75,0.073,0.075226946,207,4.7626
1469,DES42,315.55,0.07,0.072788662,207,4.7626
1470,DES42,316.25,0.068,0.070743149,207,4.7626
1471,DES42,317.05,0.066,0.068500749,207,4.7626
1472,DES42,317.85,0.063,0.066354808,207,4.7626
1473,DES42,318.55,0.061,0.064552201,207,4.7626
1474,DES42,319.35,0.059,0.062573567,207,4.7626
1475,DES42,320.15,0.057,0.060677514,207,4.7626
1476,DES42,320.95,0.055,0.05885978,207,4.7626
1477,DES42,321.65,0.054,0.057330359,207,4.7626
1478,DES42,322.45,0.052,0.055648881,207,4.7626
1479,DES42,323.25,0.05,0.054034858,207,4.7626
1480,DES43,293.05,0.179,0.17838582,193.22,5.9831
1481,DES43,293.85,0.171,0.170261579,193.22,5.9831
1482,DES43,294.65,0.164,0.162623245,193.22,5.9831
1483,DES43,295.45,0.157,0.155435505,193.22,5.9831
1484,DES43,296.25,0.149,0.148666036,193.22,5.9831
1485,DES43,297.05,0.143,0.142285226,193.22,5.9831
1486,DES43,297.85,0.137,0.136265905,193.22,5.9831
1487,DES43,298.55,0.132,0.131275872,193.22,5.9831
1488,DES43,299.35,0.126,0.125868688,193.22,5.9831
1489,DES43,300.15,0.121,0.120756544,193.22,5.9831
1490,DES43,300.85,0.117,0.116509961,193.22,5.9831
1491,DES43,301.65,0.112,0.111899271,193.22,5.9831
1492,DES43,302.45,0.108,0.107531156,193.22,5.9831
1493,DES43,303.25,0.104,0.103390014,193.22,5.9831
1494,DES43,303.95,0.1,0.099941335,193.22,5.9831
1495,DES43,304.75,0.096,0.09618773,193.22,5.9831
1496,DES43,305.55,0.093,0.092622445,193.22,5.9831
1497,DES43,306.25,0.089,0.089648182,193.22,5.9831
1498,DES43,307.05,0.086,0.086405454,193.22,5.9831
1499,DES43,307.85,0.083,0.083319961,193.22,5.9831
1500,DES43,308.65,0.08,0.080382344,193.22,5.9831
1501,DES43,309.35,0.077,0.077926378,193.22,5.9831
1502,DES43,310.15,0.074,0.075243047,193.22,5.9831
1503,DES43,310.95,0.071,0.072684157,193.22,5.9831
1504,DES43,311.65,0.069,0.070541616,193.22,5.9831
1505,DES43,312.45,0.066,0.068197294,193.22,5.9831
1506,DES43,313.25,0.064,0.06595826,193.22,5.9831
1507,DES43,313.95,0.062,0.064080885,193.22,5.9831
1508,DES43,314.75,0.06,0.062023864,193.22,5.9831
1509,DES43,315.55,0.058,0.060056384,193.22,5.9831
1510,DES43,316.25,0.056,0.058404501,193.22,5.9831
1511,DES43,317.05,0.054,0.056592187,193.22,5.9831
1512,DES43,317.85,0.052,0.054856391,193.22,5.9831
1513,DES43,318.65,0.05,0.053193121,193.22,5.9831
1514,DES43,319.35,0.048,0.051794302,193.22,5.9831
1515,DES43,320.15,0.047,0.0502571,193.22,5.9831
1516,DES43,320.95,0.045,0.048782256,193.22,5.9831
1517,DES43,321.65,0.044,0.047540453,193.22,5.9831
1518,DES43,322.45,0.042,0.046174233,193.22,5.9831
1519,DES43,323.25,0.041,0.044861858,193.22,5.9831
1520,DES44,293.05,0.158,0.156945753,184.61,7.2036
1521,DES44,293.85,0.151,0.149905085,184.61,7.2036
1522,DES44,294.65,0.144,0.143279834,184.61,7.2036
1523,DES44,295.45,0.138,0.137040192,184.61,7.2036
1524,DES44,296.25,0.132,0.131158851,184.61,7.2036
1525,DES44,297.05,0.126,0.125610757,184.61,7.2036
1526,DES44,297.85,0.12,0.120372906,184.61,7.2036
1527,DES44,298.55,0.116,0.116027614,184.61,7.2036
1528,DES44,299.35,0.111,0.111315793,184.61,7.2036
1529,DES44,300.15,0.107,0.106857831,184.61,7.2036
1530,DES44,300.85,0.103,0.103152195,184.61,7.2036
1531,DES44,301.65,0.099,0.099126214,184.61,7.2036
1532,DES44,302.45,0.095,0.095309449,184.61,7.2036
1533,DES44,303.25,0.091,0.091688599,184.61,7.2036
1534,DES44,303.95,0.088,0.088671367,184.61,7.2036
1535,DES44,304.75,0.085,0.085385395,184.61,7.2036
1536,DES44,305.55,0.082,0.08226233,184.61,7.2036
1537,DES44,306.25,0.079,0.079655482,184.61,7.2036
1538,DES44,307.05,0.076,0.076811736,184.61,7.2036
1539,DES44,307.85,0.073,0.074104288,184.61,7.2036
1540,DES44,308.65,0.07,0.071525112,184.61,7.2036
1541,DES44,309.35,0.068,0.069367675,184.61,7.2036
1542,DES44,310.15,0.065,0.067009287,184.61,7.2036
1543,DES44,310.95,0.063,0.064759049,184.61,7.2036
1544,DES44,311.65,0.061,0.062873997,184.61,7.2036
1545,DES44,312.45,0.059,0.060810405,184.61,7.2036
1546,DES44,313.25,0.056,0.058838481,184.61,7.2036
1547,DES44,313.95,0.055,0.05718429,184.61,7.2036
1548,DES44,314.75,0.053,0.05537097,184.61,7.2036
1549,DES44,315.55,0.051,0.05363574,184.61,7.2036
1550,DES44,316.25,0.049,0.052178201,184.61,7.2036
1551,DES44,317.05,0.047,0.050578405,184.61,7.2036
1552,DES44,317.85,0.046,0.049045448,184.61,7.2036
1553,DES44,318.65,0.044,0.047575879,184.61,7.2036
1554,DES44,319.35,0.043,0.046339449,184.61,7.2036
1555,DES44,320.15,0.041,0.044980145,184.61,7.2036
1556,DES44,320.95,0.04,0.043675423,184.61,7.2036
1557,DES44,321.65,0.039,0.042576426,184.61,7.2036
1558,DES44,322.45,0.037,0.041366852,184.61,7.2036
1559,DES44,323.25,0.036,0.040204474,184.61,7.2036
1560,DES45,293.05,0.142,0.140679542,177.72,8.4242
1561,DES45,293.85,0.136,0.134454138,177.72,8.4242
1562,DES45,294.65,0.13,0.128591569,177.72,8.4242
1563,DES45,295.45,0.124,0.123066101,177.72,8.4242
1564,DES45,296.25,0.119,0.117854133,177.72,8.4242
1565,DES45,297.05,0.114,0.112933993,177.72,8.4242
1566,DES45,297.75,0.109,0.108852559,177.72,8.4242
1567,DES45,298.55,0.105,0.104427156,177.72,8.4242
1568,DES45,299.35,0.101,0.100240479,177.72,8.4242
1569,DES45,300.15,0.097,0.096276799,177.72,8.4242
1570,DES45,300.85,0.093,0.092980069,177.72,8.4242
1571,DES45,301.65,0.089,0.08939626,177.72,8.4242
1572,DES45,302.45,0.086,0.085996625,177.72,8.4242
1573,DES45,303.25,0.083,0.082769576,177.72,8.4242
1574,DES45,303.95,0.08,0.080079027,177.72,8.4242
1575,DES45,304.75,0.077,0.077147271,177.72,8.4242
1576,DES45,305.55,0.074,0.074359306,177.72,8.4242
1577,DES45,306.25,0.071,0.072030972,177.72,8.4242
1578,DES45,307.05,0.069,0.069489776,177.72,8.4242
1579,DES45,307.85,0.066,0.067069104,177.72,8.4242
1580,DES45,308.65,0.063,0.064761931,177.72,8.4242
1581,DES45,309.35,0.061,0.062831104,177.72,8.4242
1582,DES45,310.15,0.059,0.060719455,177.72,8.4242
1583,DES45,310.95,0.057,0.058703661,177.72,8.4242
1584,DES45,311.65,0.055,0.057014251,177.72,8.4242
1585,DES45,312.45,0.053,0.055164019,177.72,8.4242
1586,DES45,313.25,0.051,0.053395166,177.72,8.4242
1587,DES45,313.95,0.049,0.051910698,177.72,8.4242
1588,DES45,314.75,0.048,0.050282752,177.72,8.4242
1589,DES45,315.55,0.046,0.048724236,177.72,8.4242
1590,DES45,316.25,0.044,0.047414607,177.72,8.4242
1591,DES45,317.05,0.043,0.045976591,177.72,8.4242
1592,DES45,317.85,0.041,0.044598088,177.72,8.4242
1593,DES45,318.65,0.04,0.043276051,177.72,8.4242
1594,DES45,319.35,0.039,0.042163332,177.72,8.4242
1595,DES45,320.15,0.037,0.040939586,177.72,8.4242
1596,DES45,320.95,0.036,0.039764527,177.72,8.4242
1597,DES45,321.65,0.035,0.038774398,177.72,8.4242
1598,DES45,322.45,0.034,0.037684266,177.72,8.4242
1599,DES45,323.25,0.033,0.036636286,177.72,8.4242
